,# edges,setting,accuracy,privacy leakage,running time
0,100,random-O,0.0,0.71,0.0
1,100,random-R,0.8691275167785235,0.45999999999999996,1.8835909366607666
2,100,random-U,0.8624161073825504,0.47,0.9145214557647705
3,200,random-O,0.0,0.715,0.0
4,200,random-R,0.87248322147651,0.475,1.9175026416778564
5,200,random-U,0.8624161073825504,0.44999999999999996,1.429774284362793
6,400,random-O,0.0,0.66,0.0
7,400,random-R,0.8624161073825504,0.4,2.0090956687927246
8,400,random-U,0.8624161073825504,0.35750000000000004,1.6555328369140625
9,800,random-O,0.0,0.66,0.0
10,800,random-R,0.8624161073825504,0.45375,2.0804989337921143
11,800,random-U,0.8590604026845637,0.38875000000000004,2.1166324615478516
12,1000,random-O,0.0,0.691,0.0
13,1000,random-R,0.8624161073825504,0.405,1.8695294857025146
14,1000,random-U,0.8624161073825504,0.43500000000000005,2.1962456703186035
15,100,max-degree-O,0.0,0.9,0.0
16,100,max-degree-R,0.8691275167785235,0.74,1.8823070526123047
17,100,max-degree-U,0.8590604026845637,0.74,0.9040565490722656
18,200,max-degree-O,0.0,0.87,0.0
19,200,max-degree-R,0.8624161073825504,0.7,2.0182487964630127
20,200,max-degree-U,0.8590604026845637,0.7,0.9139561653137207
21,400,max-degree-O,0.0,0.8325,0.0
22,400,max-degree-R,0.8691275167785235,0.7175,2.1580941677093506
23,400,max-degree-U,0.8624161073825504,0.7075,1.3255696296691895
24,800,max-degree-O,0.0,0.80375,0.0
25,800,max-degree-R,0.87248322147651,0.6575,1.9890074729919434
26,800,max-degree-U,0.8590604026845637,0.635,1.7688863277435303
27,1000,max-degree-O,0.0,0.801,0.0
28,1000,max-degree-R,0.8691275167785235,0.6,1.9904711246490479
29,1000,max-degree-U,0.8590604026845637,0.6,1.9327764511108398
30,100,min-degree-O,0.0,0.6,0.0
31,100,min-degree-R,0.8758389261744967,0.14,1.9655547142028809
32,100,min-degree-U,0.8691275167785235,0.20999999999999996,1.1223437786102295
33,200,min-degree-O,0.0,0.565,0.0
34,200,min-degree-R,0.8657718120805369,0.17500000000000004,2.3928840160369873
35,200,min-degree-U,0.8657718120805369,0.19499999999999995,0.9614934921264648
36,400,min-degree-O,0.0,0.5775,0.0
37,400,min-degree-R,0.8657718120805369,0.235,2.305055856704712
38,400,min-degree-U,0.8657718120805369,0.245,1.3360631465911865
39,800,min-degree-O,0.0,0.5425,0.0
40,800,min-degree-R,0.8590604026845637,0.25,3.03200101852417
41,800,min-degree-U,0.8624161073825504,0.24375000000000002,2.9955337047576904
42,1000,min-degree-O,0.0,0.527,0.0
43,1000,min-degree-R,0.8691275167785235,0.246,2.1937592029571533
44,1000,min-degree-U,0.8624161073825504,0.241,2.757044553756714
45,100,saliency-O,0.0,0.51,0.0
46,100,saliency-R,0.8691275167785235,0.17000000000000004,2.5751278400421143
47,100,saliency-U,0.8624161073825504,0.15000000000000002,1.0352327823638916
48,200,saliency-O,0.0,0.595,0.0
49,200,saliency-R,0.8624161073825504,0.24,1.9472651481628418
50,200,saliency-U,0.8657718120805369,0.22499999999999998,1.0019221305847168
51,400,saliency-O,0.0,0.56,0.0
52,400,saliency-R,0.87248322147651,0.30500000000000005,1.9528322219848633
53,400,saliency-U,0.8657718120805369,0.29500000000000004,1.132286548614502
54,800,saliency-O,0.0,0.58625,0.0
55,800,saliency-R,0.8590604026845637,0.35124999999999995,1.9674296379089355
56,800,saliency-U,0.8590604026845637,0.34624999999999995,2.065538167953491
57,1000,saliency-O,0.0,0.622,0.0
58,1000,saliency-R,0.8590604026845637,0.358,1.9753563404083252
59,1000,saliency-U,0.8590604026845637,0.37,2.2006070613861084
60,100,random-O,0.0,0.7,0.0
61,100,random-R,0.87248322147651,0.48,1.9176549911499023
62,100,random-U,0.8624161073825504,0.45999999999999996,0.8082537651062012
63,200,random-O,0.0,0.685,0.0
64,200,random-R,0.8691275167785235,0.505,1.6162879467010498
65,200,random-U,0.8624161073825504,0.47,0.9997904300689697
66,400,random-O,0.0,0.6675,0.0
67,400,random-R,0.8590604026845637,0.4525,1.9221885204315186
68,400,random-U,0.8624161073825504,0.45499999999999996,1.3856210708618164
69,800,random-O,0.0,0.69875,0.0
70,800,random-R,0.8691275167785235,0.43875,1.996180772781372
71,800,random-U,0.8624161073825504,0.42374999999999996,1.9437615871429443
72,1000,random-O,0.0,0.682,0.0
73,1000,random-R,0.8590604026845637,0.42900000000000005,2.1038098335266113
74,1000,random-U,0.8624161073825504,0.42200000000000004,2.132817506790161
75,100,max-degree-O,0.0,0.88,0.0
76,100,max-degree-R,0.8590604026845637,0.74,2.349921464920044
77,100,max-degree-U,0.8590604026845637,0.7,0.8259615898132324
78,200,max-degree-O,0.0,0.88,0.0
79,200,max-degree-R,0.8624161073825504,0.76,1.8648276329040527
80,200,max-degree-U,0.8590604026845637,0.6799999999999999,0.9935302734375
81,400,max-degree-O,0.0,0.8425,0.0
82,400,max-degree-R,0.8624161073825504,0.6875,2.12127947807312
83,400,max-degree-U,0.8624161073825504,0.72,1.3179047107696533
84,800,max-degree-O,0.0,0.81625,0.0
85,800,max-degree-R,0.8657718120805369,0.65125,1.817873477935791
86,800,max-degree-U,0.8590604026845637,0.66875,2.1538124084472656
87,1000,max-degree-O,0.0,0.743,0.0
88,1000,max-degree-R,0.8657718120805369,0.621,1.890183925628662
89,1000,max-degree-U,0.8590604026845637,0.629,2.050801992416382
90,100,min-degree-O,0.0,0.57,0.0
91,100,min-degree-R,0.8624161073825504,0.12,2.9411017894744873
92,100,min-degree-U,0.8691275167785235,0.22999999999999998,1.0146605968475342
93,200,min-degree-O,0.0,0.585,0.0
94,200,min-degree-R,0.87248322147651,0.26,2.198671340942383
95,200,min-degree-U,0.8657718120805369,0.22499999999999998,0.9938771724700928
96,400,min-degree-O,0.0,0.51,0.0
97,400,min-degree-R,0.87248322147651,0.2025,1.8539574146270752
98,400,min-degree-U,0.8657718120805369,0.22750000000000004,1.443359613418579
99,800,min-degree-O,0.0,0.55375,0.0
100,800,min-degree-R,0.8590604026845637,0.24624999999999997,2.2344539165496826
101,800,min-degree-U,0.8624161073825504,0.245,2.4187936782836914
102,1000,min-degree-O,0.0,0.57,0.0
103,1000,min-degree-R,0.8691275167785235,0.21099999999999997,1.9189515113830566
104,1000,min-degree-U,0.8624161073825504,0.252,2.657071113586426
105,100,saliency-O,0.0,0.51,0.0
106,100,saliency-R,0.8657718120805369,0.13,2.120473623275757
107,100,saliency-U,0.8624161073825504,0.16000000000000003,0.9512033462524414
108,200,saliency-O,0.0,0.575,0.0
109,200,saliency-R,0.8624161073825504,0.235,1.692115306854248
110,200,saliency-U,0.8657718120805369,0.235,0.8458418846130371
111,400,saliency-O,0.0,0.53,0.0
112,400,saliency-R,0.8691275167785235,0.3025,1.6261522769927979
113,400,saliency-U,0.8657718120805369,0.2975,1.254042625427246
114,800,saliency-O,0.0,0.60375,0.0
115,800,saliency-R,0.8590604026845637,0.36750000000000005,2.223666191101074
116,800,saliency-U,0.8590604026845637,0.3425,1.897545576095581
117,1000,saliency-O,0.0,0.608,0.0
118,1000,saliency-R,0.87248322147651,0.362,1.6526198387145996
119,1000,saliency-U,0.8590604026845637,0.33999999999999997,2.0956766605377197
120,100,random-O,0.0,0.7,0.0
121,100,random-R,0.8657718120805369,0.44999999999999996,2.1666083335876465
122,100,random-U,0.8624161073825504,0.47,1.0037128925323486
123,200,random-O,0.0,0.685,0.0
124,200,random-R,0.8624161073825504,0.47,1.900763988494873
125,200,random-U,0.8590604026845637,0.47,0.9497847557067871
126,400,random-O,0.0,0.705,0.0
127,400,random-R,0.8691275167785235,0.4625,2.0039117336273193
128,400,random-U,0.8590604026845637,0.42000000000000004,1.4619483947753906
129,800,random-O,0.0,0.7,0.0
130,800,random-R,0.8691275167785235,0.485,1.9721808433532715
131,800,random-U,0.8557046979865772,0.46125000000000005,2.271817684173584
132,1000,random-O,0.0,0.687,0.0
133,1000,random-R,0.8624161073825504,0.43400000000000005,2.115813732147217
134,1000,random-U,0.8590604026845637,0.405,2.6981289386749268
135,100,max-degree-O,0.0,0.88,0.0
136,100,max-degree-R,0.8657718120805369,0.78,1.9632461071014404
137,100,max-degree-U,0.8590604026845637,0.73,0.8071994781494141
138,200,max-degree-O,0.0,0.865,0.0
139,200,max-degree-R,0.8624161073825504,0.755,2.1579034328460693
140,200,max-degree-U,0.8590604026845637,0.76,0.9474663734436035
141,400,max-degree-O,0.0,0.8325,0.0
142,400,max-degree-R,0.8624161073825504,0.6825,2.153446674346924
143,400,max-degree-U,0.8624161073825504,0.7,1.304410457611084
144,800,max-degree-O,0.0,0.80875,0.0
145,800,max-degree-R,0.8590604026845637,0.6325000000000001,2.3086273670196533
146,800,max-degree-U,0.8590604026845637,0.62,1.6219115257263184
147,1000,max-degree-O,0.0,0.763,0.0
148,1000,max-degree-R,0.8691275167785235,0.5820000000000001,2.1932671070098877
149,1000,max-degree-U,0.8590604026845637,0.622,2.209530830383301
150,100,min-degree-O,0.0,0.63,0.0
151,100,min-degree-R,0.8557046979865772,0.20999999999999996,3.0410513877868652
152,100,min-degree-U,0.8691275167785235,0.18999999999999995,1.211489200592041
153,200,min-degree-O,0.0,0.58,0.0
154,200,min-degree-R,0.8691275167785235,0.20999999999999996,1.9788031578063965
155,200,min-degree-U,0.8657718120805369,0.21499999999999997,0.9720902442932129
156,400,min-degree-O,0.0,0.5375,0.0
157,400,min-degree-R,0.8657718120805369,0.23250000000000004,2.3680074214935303
158,400,min-degree-U,0.8657718120805369,0.24750000000000005,2.0158708095550537
159,800,min-degree-O,0.0,0.565,0.0
160,800,min-degree-R,0.8691275167785235,0.24875000000000003,2.035146951675415
161,800,min-degree-U,0.8624161073825504,0.26875000000000004,1.9788286685943604
162,1000,min-degree-O,0.0,0.571,0.0
163,1000,min-degree-R,0.8624161073825504,0.265,2.516209840774536
164,1000,min-degree-U,0.8624161073825504,0.257,2.798664093017578
165,100,saliency-O,0.0,0.6,0.0
166,100,saliency-R,0.8590604026845637,0.16000000000000003,2.362487554550171
167,100,saliency-U,0.8624161073825504,0.12,0.7578365802764893
168,200,saliency-O,0.0,0.51,0.0
169,200,saliency-R,0.8624161073825504,0.235,2.2265403270721436
170,200,saliency-U,0.8657718120805369,0.255,0.8331680297851562
171,400,saliency-O,0.0,0.5575,0.0
172,400,saliency-R,0.8624161073825504,0.27,1.738901138305664
173,400,saliency-U,0.8657718120805369,0.26749999999999996,1.4069983959197998
174,800,saliency-O,0.0,0.59,0.0
175,800,saliency-R,0.8657718120805369,0.33999999999999997,1.916869878768921
176,800,saliency-U,0.8590604026845637,0.34875,1.9108824729919434
177,1000,saliency-O,0.0,0.609,0.0
178,1000,saliency-R,0.8624161073825504,0.361,2.0345747470855713
179,1000,saliency-U,0.8590604026845637,0.359,2.1320085525512695
180,100,random-O,0.0,0.65,0.0
181,100,random-R,0.8624161073825504,0.43000000000000005,2.8157880306243896
182,100,random-U,0.8590604026845637,0.43999999999999995,1.2008564472198486
183,200,random-O,0.0,0.695,0.0
184,200,random-R,0.8657718120805369,0.41000000000000003,2.039276599884033
185,200,random-U,0.8557046979865772,0.48,1.0861711502075195
186,400,random-O,0.0,0.6725,0.0
187,400,random-R,0.8691275167785235,0.4325,1.9369337558746338
188,400,random-U,0.8557046979865772,0.44499999999999995,1.7813694477081299
189,800,random-O,0.0,0.7025,0.0
190,800,random-R,0.8691275167785235,0.44499999999999995,1.7524127960205078
191,800,random-U,0.8590604026845637,0.43625,2.1138298511505127
192,1000,random-O,0.0,0.664,0.0
193,1000,random-R,0.8657718120805369,0.401,2.0348806381225586
194,1000,random-U,0.8624161073825504,0.387,2.497136354446411
195,100,max-degree-O,0.0,0.88,0.0
196,100,max-degree-R,0.8691275167785235,0.74,1.9941537380218506
197,100,max-degree-U,0.8590604026845637,0.78,0.9151012897491455
198,200,max-degree-O,0.0,0.895,0.0
199,200,max-degree-R,0.8624161073825504,0.745,2.038085460662842
200,200,max-degree-U,0.8590604026845637,0.69,0.9154181480407715
201,400,max-degree-O,0.0,0.845,0.0
202,400,max-degree-R,0.8691275167785235,0.73,2.089587450027466
203,400,max-degree-U,0.8624161073825504,0.71,1.5984604358673096
204,800,max-degree-O,0.0,0.8075,0.0
205,800,max-degree-R,0.8590604026845637,0.64375,2.5193018913269043
206,800,max-degree-U,0.8590604026845637,0.6575,1.9121031761169434
207,1000,max-degree-O,0.0,0.767,0.0
208,1000,max-degree-R,0.8624161073825504,0.619,1.9332396984100342
209,1000,max-degree-U,0.8590604026845637,0.596,1.9341022968292236
210,100,min-degree-O,0.0,0.56,0.0
211,100,min-degree-R,0.8624161073825504,0.19999999999999996,2.314944267272949
212,100,min-degree-U,0.8691275167785235,0.20999999999999996,0.9169516563415527
213,200,min-degree-O,0.0,0.615,0.0
214,200,min-degree-R,0.8691275167785235,0.17500000000000004,2.2537057399749756
215,200,min-degree-U,0.8657718120805369,0.20499999999999996,0.8947694301605225
216,400,min-degree-O,0.0,0.6875,0.0
217,400,min-degree-R,0.8691275167785235,0.18500000000000005,2.0146453380584717
218,400,min-degree-U,0.8657718120805369,0.24750000000000005,1.4800798892974854
219,800,min-degree-O,0.0,0.565,0.0
220,800,min-degree-R,0.8624161073825504,0.25125,3.200655937194824
221,800,min-degree-U,0.8624161073825504,0.25249999999999995,2.0249311923980713
222,1000,min-degree-O,0.0,0.55,0.0
223,1000,min-degree-R,0.8590604026845637,0.267,2.7729828357696533
224,1000,min-degree-U,0.8624161073825504,0.266,2.5144340991973877
225,100,saliency-O,0.0,0.54,0.0
226,100,saliency-R,0.8691275167785235,0.15000000000000002,2.2426722049713135
227,100,saliency-U,0.8624161073825504,0.17000000000000004,0.982208251953125
228,200,saliency-O,0.0,0.575,0.0
229,200,saliency-R,0.8624161073825504,0.22999999999999998,1.9846713542938232
230,200,saliency-U,0.8657718120805369,0.22999999999999998,1.0055584907531738
231,400,saliency-O,0.0,0.58,0.0
232,400,saliency-R,0.87248322147651,0.27,1.7385146617889404
233,400,saliency-U,0.8657718120805369,0.3275,1.1795580387115479
234,800,saliency-O,0.0,0.57375,0.0
235,800,saliency-R,0.8590604026845637,0.34125000000000005,2.279963493347168
236,800,saliency-U,0.8590604026845637,0.34624999999999995,1.916947841644287
237,1000,saliency-O,0.0,0.603,0.0
238,1000,saliency-R,0.87248322147651,0.33999999999999997,1.8877136707305908
239,1000,saliency-U,0.8590604026845637,0.357,2.1852023601531982
240,100,random-O,0.0,0.67,0.0
241,100,random-R,0.8590604026845637,0.41000000000000003,2.3513591289520264
242,100,random-U,0.8624161073825504,0.45999999999999996,0.8814394474029541
243,200,random-O,0.0,0.71,0.0
244,200,random-R,0.8691275167785235,0.475,2.009225368499756
245,200,random-U,0.8624161073825504,0.46499999999999997,0.9866194725036621
246,400,random-O,0.0,0.7075,0.0
247,400,random-R,0.87248322147651,0.45499999999999996,2.1185781955718994
248,400,random-U,0.8624161073825504,0.4125,1.6442945003509521
249,800,random-O,0.0,0.65125,0.0
250,800,random-R,0.8624161073825504,0.4375,1.989201545715332
251,800,random-U,0.8624161073825504,0.4525,1.9092433452606201
252,1000,random-O,0.0,0.687,0.0
253,1000,random-R,0.8590604026845637,0.44199999999999995,1.8340106010437012
254,1000,random-U,0.8624161073825504,0.41000000000000003,2.656421184539795
255,100,max-degree-O,0.0,0.91,0.0
256,100,max-degree-R,0.8691275167785235,0.78,1.9735019207000732
257,100,max-degree-U,0.8590604026845637,0.74,0.7150552272796631
258,200,max-degree-O,0.0,0.88,0.0
259,200,max-degree-R,0.8691275167785235,0.76,1.8242971897125244
260,200,max-degree-U,0.8590604026845637,0.645,0.9093689918518066
261,400,max-degree-O,0.0,0.8575,0.0
262,400,max-degree-R,0.8624161073825504,0.7224999999999999,2.1799144744873047
263,400,max-degree-U,0.8624161073825504,0.74,1.3422253131866455
264,800,max-degree-O,0.0,0.815,0.0
265,800,max-degree-R,0.8624161073825504,0.64,2.2215981483459473
266,800,max-degree-U,0.8590604026845637,0.6325000000000001,1.9402201175689697
267,1000,max-degree-O,0.0,0.776,0.0
268,1000,max-degree-R,0.8624161073825504,0.626,2.1190412044525146
269,1000,max-degree-U,0.8590604026845637,0.629,1.9127013683319092
270,100,min-degree-O,0.0,0.49,0.0
271,100,min-degree-R,0.8758389261744967,0.18000000000000005,2.050609827041626
272,100,min-degree-U,0.8691275167785235,0.18999999999999995,0.9986426830291748
273,200,min-degree-O,0.0,0.61,0.0
274,200,min-degree-R,0.87248322147651,0.235,2.049635171890259
275,200,min-degree-U,0.8657718120805369,0.21499999999999997,0.9985177516937256
276,400,min-degree-O,0.0,0.5525,0.0
277,400,min-degree-R,0.8624161073825504,0.245,2.021284580230713
278,400,min-degree-U,0.8657718120805369,0.245,1.7479088306427002
279,800,min-degree-O,0.0,0.56875,0.0
280,800,min-degree-R,0.8624161073825504,0.23750000000000004,2.1387939453125
281,800,min-degree-U,0.8624161073825504,0.1875,1.967144250869751
282,1000,min-degree-O,0.0,0.567,0.0
283,1000,min-degree-R,0.8624161073825504,0.257,2.5838193893432617
284,1000,min-degree-U,0.8624161073825504,0.22899999999999998,2.41619873046875
285,100,saliency-O,0.0,0.55,0.0
286,100,saliency-R,0.8657718120805369,0.15000000000000002,2.0000476837158203
287,100,saliency-U,0.8624161073825504,0.16000000000000003,0.9911673069000244
288,200,saliency-O,0.0,0.53,0.0
289,200,saliency-R,0.87248322147651,0.21499999999999997,2.0351178646087646
290,200,saliency-U,0.8657718120805369,0.22999999999999998,0.8360540866851807
291,400,saliency-O,0.0,0.5275,0.0
292,400,saliency-R,0.8691275167785235,0.29000000000000004,1.804894208908081
293,400,saliency-U,0.8657718120805369,0.2925,1.4299163818359375
294,800,saliency-O,0.0,0.56875,0.0
295,800,saliency-R,0.8590604026845637,0.33499999999999996,2.582810640335083
296,800,saliency-U,0.8590604026845637,0.36375,1.834977149963379
297,1000,saliency-O,0.0,0.615,0.0
298,1000,saliency-R,0.8691275167785235,0.364,1.7683587074279785
299,1000,saliency-U,0.8590604026845637,0.363,2.151829719543457
300,100,random-O,0.0,0.7,0.0
301,100,random-R,0.8691275167785235,0.4,1.8844540119171143
302,100,random-U,0.8624161073825504,0.4,0.8334183692932129
303,200,random-O,0.0,0.7,0.0
304,200,random-R,0.8657718120805369,0.43000000000000005,1.8661437034606934
305,200,random-U,0.8624161073825504,0.44999999999999996,0.9751198291778564
306,400,random-O,0.0,0.68,0.0
307,400,random-R,0.8590604026845637,0.4475,1.8279469013214111
308,400,random-U,0.8590604026845637,0.43500000000000005,1.3175151348114014
309,800,random-O,0.0,0.685,0.0
310,800,random-R,0.87248322147651,0.4475,2.0271339416503906
311,800,random-U,0.8624161073825504,0.42125,2.0158281326293945
312,1000,random-O,0.0,0.705,0.0
313,1000,random-R,0.8691275167785235,0.42200000000000004,1.9510748386383057
314,1000,random-U,0.8624161073825504,0.42400000000000004,2.1942684650421143
315,100,max-degree-O,0.0,0.92,0.0
316,100,max-degree-R,0.8590604026845637,0.79,2.162569284439087
317,100,max-degree-U,0.8590604026845637,0.77,0.7276599407196045
318,200,max-degree-O,0.0,0.845,0.0
319,200,max-degree-R,0.8624161073825504,0.77,2.1467509269714355
320,200,max-degree-U,0.8590604026845637,0.72,0.9465179443359375
321,400,max-degree-O,0.0,0.845,0.0
322,400,max-degree-R,0.8590604026845637,0.73,2.0824756622314453
323,400,max-degree-U,0.8624161073825504,0.735,1.1782827377319336
324,800,max-degree-O,0.0,0.8075,0.0
325,800,max-degree-R,0.8590604026845637,0.6425000000000001,2.396397113800049
326,800,max-degree-U,0.8590604026845637,0.6487499999999999,1.6716878414154053
327,1000,max-degree-O,0.0,0.787,0.0
328,1000,max-degree-R,0.8590604026845637,0.605,2.080930471420288
329,1000,max-degree-U,0.8590604026845637,0.601,1.8580853939056396
330,100,min-degree-O,0.0,0.5,0.0
331,100,min-degree-R,0.87248322147651,0.16000000000000003,1.9274845123291016
332,100,min-degree-U,0.8691275167785235,0.19999999999999996,0.8145155906677246
333,200,min-degree-O,0.0,0.575,0.0
334,200,min-degree-R,0.87248322147651,0.18500000000000005,2.0813190937042236
335,200,min-degree-U,0.8657718120805369,0.20999999999999996,1.0571377277374268
336,400,min-degree-O,0.0,0.5825,0.0
337,400,min-degree-R,0.87248322147651,0.24250000000000005,1.914987325668335
338,400,min-degree-U,0.8657718120805369,0.23750000000000004,1.7337665557861328
339,800,min-degree-O,0.0,0.585,0.0
340,800,min-degree-R,0.8590604026845637,0.22124999999999995,2.360978841781616
341,800,min-degree-U,0.8624161073825504,0.22375,2.585101366043091
342,1000,min-degree-O,0.0,0.567,0.0
343,1000,min-degree-R,0.8657718120805369,0.22199999999999998,2.5660507678985596
344,1000,min-degree-U,0.8624161073825504,0.242,2.9121041297912598
345,100,saliency-O,0.0,0.64,0.0
346,100,saliency-R,0.8624161073825504,0.18999999999999995,2.0059852600097656
347,100,saliency-U,0.8624161073825504,0.19999999999999996,0.8997433185577393
348,200,saliency-O,0.0,0.62,0.0
349,200,saliency-R,0.87248322147651,0.245,1.6670398712158203
350,200,saliency-U,0.8657718120805369,0.22499999999999998,0.894479513168335
351,400,saliency-O,0.0,0.52,0.0
352,400,saliency-R,0.8590604026845637,0.29000000000000004,1.9673571586608887
353,400,saliency-U,0.8657718120805369,0.29500000000000004,1.2853102684020996
354,800,saliency-O,0.0,0.61625,0.0
355,800,saliency-R,0.8691275167785235,0.355,2.0159718990325928
356,800,saliency-U,0.8590604026845637,0.34125000000000005,1.7174396514892578
357,1000,saliency-O,0.0,0.615,0.0
358,1000,saliency-R,0.87248322147651,0.346,1.7586655616760254
359,1000,saliency-U,0.8590604026845637,0.354,2.1690311431884766
360,100,random-O,0.0,0.65,0.0
361,100,random-R,0.8691275167785235,0.43000000000000005,1.7414445877075195
362,100,random-U,0.8624161073825504,0.44999999999999996,0.8069136142730713
363,200,random-O,0.0,0.675,0.0
364,200,random-R,0.8691275167785235,0.47,1.9255027770996094
365,200,random-U,0.8624161073825504,0.45999999999999996,0.9772319793701172
366,400,random-O,0.0,0.6675,0.0
367,400,random-R,0.8624161073825504,0.4225,2.6077804565429688
368,400,random-U,0.8624161073825504,0.44499999999999995,1.7194244861602783
369,800,random-O,0.0,0.67625,0.0
370,800,random-R,0.8489932885906041,0.41500000000000004,3.284576892852783
371,800,random-U,0.8624161073825504,0.4425,1.9799416065216064
372,1000,random-O,0.0,0.707,0.0
373,1000,random-R,0.8557046979865772,0.44799999999999995,2.635737419128418
374,1000,random-U,0.8624161073825504,0.43300000000000005,2.4743804931640625
375,100,max-degree-O,0.0,0.91,0.0
376,100,max-degree-R,0.8590604026845637,0.76,2.084744691848755
377,100,max-degree-U,0.8590604026845637,0.76,0.7753353118896484
378,200,max-degree-O,0.0,0.86,0.0
379,200,max-degree-R,0.8657718120805369,0.785,1.9897291660308838
380,200,max-degree-U,0.8590604026845637,0.685,0.8853309154510498
381,400,max-degree-O,0.0,0.835,0.0
382,400,max-degree-R,0.8624161073825504,0.6925,2.369600772857666
383,400,max-degree-U,0.8624161073825504,0.685,1.1174535751342773
384,800,max-degree-O,0.0,0.8,0.0
385,800,max-degree-R,0.8624161073825504,0.65375,1.9236478805541992
386,800,max-degree-U,0.8590604026845637,0.66875,1.6791398525238037
387,1000,max-degree-O,0.0,0.788,0.0
388,1000,max-degree-R,0.8624161073825504,0.617,2.433340549468994
389,1000,max-degree-U,0.8590604026845637,0.619,1.9507958889007568
390,100,min-degree-O,0.0,0.6,0.0
391,100,min-degree-R,0.8691275167785235,0.19999999999999996,2.7812445163726807
392,100,min-degree-U,0.8691275167785235,0.18000000000000005,1.2780776023864746
393,200,min-degree-O,0.0,0.515,0.0
394,200,min-degree-R,0.87248322147651,0.18000000000000005,1.826859474182129
395,200,min-degree-U,0.8657718120805369,0.21999999999999997,1.2327780723571777
396,400,min-degree-O,0.0,0.6325,0.0
397,400,min-degree-R,0.87248322147651,0.22999999999999998,1.8463771343231201
398,400,min-degree-U,0.8657718120805369,0.245,1.7909650802612305
399,800,min-degree-O,0.0,0.57,0.0
400,800,min-degree-R,0.8590604026845637,0.24624999999999997,2.6211092472076416
401,800,min-degree-U,0.8624161073825504,0.24624999999999997,1.9058995246887207
402,1000,min-degree-O,0.0,0.583,0.0
403,1000,min-degree-R,0.8691275167785235,0.253,2.1803343296051025
404,1000,min-degree-U,0.8624161073825504,0.245,2.837463617324829
405,100,saliency-O,0.0,0.57,0.0
406,100,saliency-R,0.8691275167785235,0.13,1.9525697231292725
407,100,saliency-U,0.8624161073825504,0.17000000000000004,0.8454086780548096
408,200,saliency-O,0.0,0.565,0.0
409,200,saliency-R,0.87248322147651,0.20999999999999996,1.9409730434417725
410,200,saliency-U,0.8657718120805369,0.21999999999999997,0.8928132057189941
411,400,saliency-O,0.0,0.5925,0.0
412,400,saliency-R,0.8657718120805369,0.31000000000000005,1.9031751155853271
413,400,saliency-U,0.8657718120805369,0.30500000000000005,1.447441577911377
414,800,saliency-O,0.0,0.58625,0.0
415,800,saliency-R,0.8657718120805369,0.33875,2.105393409729004
416,800,saliency-U,0.8590604026845637,0.345,2.066910982131958
417,1000,saliency-O,0.0,0.616,0.0
418,1000,saliency-R,0.8657718120805369,0.33999999999999997,2.2214109897613525
419,1000,saliency-U,0.8590604026845637,0.37,2.4182095527648926
420,100,random-O,0.0,0.75,0.0
421,100,random-R,0.8590604026845637,0.49,1.9237034320831299
422,100,random-U,0.8590604026845637,0.42000000000000004,0.798086404800415
423,200,random-O,0.0,0.685,0.0
424,200,random-R,0.8657718120805369,0.44999999999999996,1.9182946681976318
425,200,random-U,0.8590604026845637,0.45999999999999996,0.9449505805969238
426,400,random-O,0.0,0.715,0.0
427,400,random-R,0.8590604026845637,0.4275,1.8527188301086426
428,400,random-U,0.8624161073825504,0.4375,1.8335342407226562
429,800,random-O,0.0,0.72125,0.0
430,800,random-R,0.8523489932885906,0.42874999999999996,1.8015501499176025
431,800,random-U,0.8590604026845637,0.45999999999999996,2.3932948112487793
432,1000,random-O,0.0,0.731,0.0
433,1000,random-R,0.8557046979865772,0.45499999999999996,1.847806453704834
434,1000,random-U,0.8590604026845637,0.474,2.5395407676696777
435,100,max-degree-O,0.0,0.85,0.0
436,100,max-degree-R,0.8691275167785235,0.81,2.1994001865386963
437,100,max-degree-U,0.8590604026845637,0.79,0.7114417552947998
438,200,max-degree-O,0.0,0.845,0.0
439,200,max-degree-R,0.8657718120805369,0.725,1.6210408210754395
440,200,max-degree-U,0.8590604026845637,0.6950000000000001,0.8359091281890869
441,400,max-degree-O,0.0,0.84,0.0
442,400,max-degree-R,0.87248322147651,0.69,1.6968233585357666
443,400,max-degree-U,0.8624161073825504,0.72,1.4925532341003418
444,800,max-degree-O,0.0,0.835,0.0
445,800,max-degree-R,0.8657718120805369,0.6487499999999999,2.035977363586426
446,800,max-degree-U,0.8590604026845637,0.6575,1.7388038635253906
447,1000,max-degree-O,0.0,0.777,0.0
448,1000,max-degree-R,0.8624161073825504,0.612,2.3879005908966064
449,1000,max-degree-U,0.8590604026845637,0.609,1.9839990139007568
450,100,min-degree-O,0.0,0.6,0.0
451,100,min-degree-R,0.8758389261744967,0.18999999999999995,2.14821195602417
452,100,min-degree-U,0.8691275167785235,0.18000000000000005,1.0027685165405273
453,200,min-degree-O,0.0,0.515,0.0
454,200,min-degree-R,0.8624161073825504,0.22499999999999998,2.298440456390381
455,200,min-degree-U,0.8657718120805369,0.18500000000000005,1.6073389053344727
456,400,min-degree-O,0.0,0.53,0.0
457,400,min-degree-R,0.8590604026845637,0.24,2.14426326751709
458,400,min-degree-U,0.8657718120805369,0.21499999999999997,1.5321969985961914
459,800,min-degree-O,0.0,0.625,0.0
460,800,min-degree-R,0.8691275167785235,0.28874999999999995,2.1662352085113525
461,800,min-degree-U,0.8624161073825504,0.26125,2.587893009185791
462,1000,min-degree-O,0.0,0.585,0.0
463,1000,min-degree-R,0.8657718120805369,0.235,2.3773458003997803
464,1000,min-degree-U,0.8624161073825504,0.254,2.4687628746032715
465,100,saliency-O,0.0,0.61,0.0
466,100,saliency-R,0.8691275167785235,0.09999999999999998,2.0769336223602295
467,100,saliency-U,0.8624161073825504,0.14,1.1327781677246094
468,200,saliency-O,0.0,0.62,0.0
469,200,saliency-R,0.8691275167785235,0.22499999999999998,1.9808485507965088
470,200,saliency-U,0.8657718120805369,0.25,1.1359000205993652
471,400,saliency-O,0.0,0.5675,0.0
472,400,saliency-R,0.8657718120805369,0.3325,1.8339197635650635
473,400,saliency-U,0.8657718120805369,0.2925,1.8665013313293457
474,800,saliency-O,0.0,0.58375,0.0
475,800,saliency-R,0.8657718120805369,0.33499999999999996,2.095064640045166
476,800,saliency-U,0.8590604026845637,0.33625000000000005,1.8159024715423584
477,1000,saliency-O,0.0,0.602,0.0
478,1000,saliency-R,0.8624161073825504,0.388,1.9774720668792725
479,1000,saliency-U,0.8590604026845637,0.405,2.5690102577209473
480,100,random-O,0.0,0.7,0.0
481,100,random-R,0.8691275167785235,0.45999999999999996,1.832812786102295
482,100,random-U,0.8624161073825504,0.45999999999999996,0.7417864799499512
483,200,random-O,0.0,0.675,0.0
484,200,random-R,0.8657718120805369,0.43999999999999995,1.7354536056518555
485,200,random-U,0.8624161073825504,0.42000000000000004,1.1990578174591064
486,400,random-O,0.0,0.68,0.0
487,400,random-R,0.8657718120805369,0.4425,1.953463077545166
488,400,random-U,0.8624161073825504,0.4425,1.475050687789917
489,800,random-O,0.0,0.685,0.0
490,800,random-R,0.8657718120805369,0.43875,1.5808846950531006
491,800,random-U,0.8624161073825504,0.41125,1.968435525894165
492,1000,random-O,0.0,0.668,0.0
493,1000,random-R,0.8624161073825504,0.42900000000000005,2.1904408931732178
494,1000,random-U,0.8657718120805369,0.45099999999999996,2.3601908683776855
495,100,max-degree-O,0.0,0.91,0.0
496,100,max-degree-R,0.8691275167785235,0.74,1.8393075466156006
497,100,max-degree-U,0.8590604026845637,0.74,0.7549536228179932
498,200,max-degree-O,0.0,0.845,0.0
499,200,max-degree-R,0.8691275167785235,0.755,2.099083423614502
500,200,max-degree-U,0.8590604026845637,0.76,0.8712160587310791
501,400,max-degree-O,0.0,0.83,0.0
502,400,max-degree-R,0.87248322147651,0.6950000000000001,2.0045735836029053
503,400,max-degree-U,0.8624161073825504,0.6975,1.2936131954193115
504,800,max-degree-O,0.0,0.8175,0.0
505,800,max-degree-R,0.8691275167785235,0.6575,1.726369857788086
506,800,max-degree-U,0.8590604026845637,0.6475,1.6666791439056396
507,1000,max-degree-O,0.0,0.773,0.0
508,1000,max-degree-R,0.8624161073825504,0.601,2.431522846221924
509,1000,max-degree-U,0.8590604026845637,0.602,1.903454065322876
510,100,min-degree-O,0.0,0.48,0.0
511,100,min-degree-R,0.8758389261744967,0.16000000000000003,1.863903522491455
512,100,min-degree-U,0.8691275167785235,0.14,0.7858991622924805
513,200,min-degree-O,0.0,0.52,0.0
514,200,min-degree-R,0.87248322147651,0.20499999999999996,2.230787515640259
515,200,min-degree-U,0.8657718120805369,0.20499999999999996,1.1299500465393066
516,400,min-degree-O,0.0,0.565,0.0
517,400,min-degree-R,0.8657718120805369,0.21250000000000002,2.329718589782715
518,400,min-degree-U,0.8657718120805369,0.22250000000000003,1.9133107662200928
519,800,min-degree-O,0.0,0.575,0.0
520,800,min-degree-R,0.8657718120805369,0.19499999999999995,2.559998035430908
521,800,min-degree-U,0.8624161073825504,0.24875000000000003,2.084144115447998
522,1000,min-degree-O,0.0,0.584,0.0
523,1000,min-degree-R,0.8691275167785235,0.25,2.2043228149414062
524,1000,min-degree-U,0.8624161073825504,0.23399999999999999,2.291297674179077
525,100,saliency-O,0.0,0.62,0.0
526,100,saliency-R,0.8624161073825504,0.09999999999999998,2.222033739089966
527,100,saliency-U,0.8624161073825504,0.21999999999999997,0.7926321029663086
528,200,saliency-O,0.0,0.635,0.0
529,200,saliency-R,0.8657718120805369,0.22499999999999998,2.376901865005493
530,200,saliency-U,0.8657718120805369,0.21999999999999997,0.8618931770324707
531,400,saliency-O,0.0,0.585,0.0
532,400,saliency-R,0.8691275167785235,0.275,2.074085235595703
533,400,saliency-U,0.8657718120805369,0.3275,1.6082649230957031
534,800,saliency-O,0.0,0.6175,0.0
535,800,saliency-R,0.8657718120805369,0.36124999999999996,2.011899709701538
536,800,saliency-U,0.8590604026845637,0.36124999999999996,1.7709639072418213
537,1000,saliency-O,0.0,0.614,0.0
538,1000,saliency-R,0.87248322147651,0.378,1.6316399574279785
539,1000,saliency-U,0.8590604026845637,0.38,2.3434736728668213
540,100,random-O,0.0,0.69,0.0
541,100,random-R,0.8691275167785235,0.45999999999999996,1.970045566558838
542,100,random-U,0.8590604026845637,0.49,0.8616786003112793
543,200,random-O,0.0,0.64,0.0
544,200,random-R,0.8691275167785235,0.43500000000000005,1.531294822692871
545,200,random-U,0.8590604026845637,0.44499999999999995,1.2908868789672852
546,400,random-O,0.0,0.6575,0.0
547,400,random-R,0.8624161073825504,0.43999999999999995,2.9558818340301514
548,400,random-U,0.8624161073825504,0.4175,1.7211360931396484
549,800,random-O,0.0,0.68875,0.0
550,800,random-R,0.8624161073825504,0.4475,2.044832468032837
551,800,random-U,0.8624161073825504,0.45125000000000004,2.0031399726867676
552,1000,random-O,0.0,0.68,0.0
553,1000,random-R,0.8624161073825504,0.43999999999999995,2.1734209060668945
554,1000,random-U,0.8590604026845637,0.373,2.417567491531372
555,100,max-degree-O,0.0,0.91,0.0
556,100,max-degree-R,0.8691275167785235,0.76,2.0614001750946045
557,100,max-degree-U,0.8590604026845637,0.79,0.7903976440429688
558,200,max-degree-O,0.0,0.865,0.0
559,200,max-degree-R,0.8624161073825504,0.6599999999999999,2.5531046390533447
560,200,max-degree-U,0.8590604026845637,0.6699999999999999,0.851569652557373
561,400,max-degree-O,0.0,0.8425,0.0
562,400,max-degree-R,0.8657718120805369,0.7075,1.8651807308197021
563,400,max-degree-U,0.8624161073825504,0.7424999999999999,1.9467298984527588
564,800,max-degree-O,0.0,0.81875,0.0
565,800,max-degree-R,0.8624161073825504,0.6275,2.5071403980255127
566,800,max-degree-U,0.8590604026845637,0.6599999999999999,2.009798765182495
567,1000,max-degree-O,0.0,0.756,0.0
568,1000,max-degree-R,0.8691275167785235,0.6,1.7982819080352783
569,1000,max-degree-U,0.8590604026845637,0.593,1.8589210510253906
570,100,min-degree-O,0.0,0.56,0.0
571,100,min-degree-R,0.8657718120805369,0.17000000000000004,2.295069932937622
572,100,min-degree-U,0.8691275167785235,0.18000000000000005,1.1550166606903076
573,200,min-degree-O,0.0,0.545,0.0
574,200,min-degree-R,0.87248322147651,0.17500000000000004,1.738654613494873
575,200,min-degree-U,0.8657718120805369,0.20999999999999996,1.2025322914123535
576,400,min-degree-O,0.0,0.5425,0.0
577,400,min-degree-R,0.8691275167785235,0.1875,2.107123613357544
578,400,min-degree-U,0.8657718120805369,0.24250000000000005,1.4708385467529297
579,800,min-degree-O,0.0,0.57875,0.0
580,800,min-degree-R,0.8657718120805369,0.255,2.538806915283203
581,800,min-degree-U,0.8624161073825504,0.25125,2.1079633235931396
582,1000,min-degree-O,0.0,0.552,0.0
583,1000,min-degree-R,0.8590604026845637,0.22699999999999998,2.244661331176758
584,1000,min-degree-U,0.8624161073825504,0.25,2.6770267486572266
585,100,saliency-O,0.0,0.6,0.0
586,100,saliency-R,0.8657718120805369,0.15000000000000002,2.1676223278045654
587,100,saliency-U,0.8624161073825504,0.15000000000000002,1.1044394969940186
588,200,saliency-O,0.0,0.65,0.0
589,200,saliency-R,0.8657718120805369,0.21999999999999997,1.9623782634735107
590,200,saliency-U,0.8657718120805369,0.20999999999999996,0.9816923141479492
591,400,saliency-O,0.0,0.5925,0.0
592,400,saliency-R,0.8657718120805369,0.29000000000000004,1.741154670715332
593,400,saliency-U,0.8657718120805369,0.30500000000000005,1.6898369789123535
594,800,saliency-O,0.0,0.60875,0.0
595,800,saliency-R,0.87248322147651,0.31000000000000005,1.8016390800476074
596,800,saliency-U,0.8590604026845637,0.33875,1.8293206691741943
597,1000,saliency-O,0.0,0.609,0.0
598,1000,saliency-R,0.87248322147651,0.358,2.0670151710510254
599,1000,saliency-U,0.8590604026845637,0.37,2.225494146347046
