,# edges,setting,accuracy,privacy leakage
0,200,random-O,0.0,0.315
1,200,random-R,0.8726937269372693,0.71
2,200,random-U,0.8579335793357934,0.72
3,400,random-O,0.0,0.35
4,400,random-R,0.8708487084870848,0.8575
5,400,random-U,0.8542435424354243,0.7475
6,600,random-O,0.0,0.37166666666666665
7,600,random-R,0.8653136531365314,0.6616666666666666
8,600,random-U,0.8597785977859779,0.72
9,800,random-O,0.0,0.33
10,800,random-R,0.8653136531365314,0.6775
11,800,random-U,0.8616236162361623,0.7375
12,1000,random-O,0.0,0.348
13,1000,random-R,0.8523985239852399,0.793
14,1000,random-U,0.8597785977859779,0.676
15,1200,random-O,0.0,0.4033333333333333
16,1200,random-R,0.8597785977859779,0.8466666666666667
17,1200,random-U,0.8653136531365314,0.6975
18,1400,random-O,0.0,0.4057142857142857
19,1400,random-R,0.8579335793357934,0.6964285714285714
20,1400,random-U,0.8616236162361623,0.7542857142857143
21,1600,random-O,0.0,0.389375
22,1600,random-R,0.8708487084870848,0.79
23,1600,random-U,0.8597785977859779,0.74125
24,1800,random-O,0.0,0.3616666666666667
25,1800,random-R,0.8597785977859779,0.7222222222222222
26,1800,random-U,0.8634686346863468,0.7355555555555555
27,2000,random-O,0.0,0.3985
28,2000,random-R,0.8634686346863468,0.693
29,2000,random-U,0.8634686346863468,0.732
30,200,max-degree-O,0.0,0.8
31,200,max-degree-R,0.8745387453874539,0.87
32,200,max-degree-U,0.8579335793357934,0.895
33,400,max-degree-O,0.0,0.675
34,400,max-degree-R,0.8616236162361623,0.975
35,400,max-degree-U,0.8523985239852399,0.965
36,600,max-degree-O,0.0,0.6633333333333333
37,600,max-degree-R,0.8634686346863468,0.87
38,600,max-degree-U,0.8523985239852399,0.9383333333333334
39,800,max-degree-O,0.0,0.53625
40,800,max-degree-R,0.8653136531365314,0.9525
41,800,max-degree-U,0.8523985239852399,0.9975
42,1000,max-degree-O,0.0,0.603
43,1000,max-degree-R,0.8671586715867159,0.933
44,1000,max-degree-U,0.8560885608856088,0.928
45,1200,max-degree-O,0.0,0.5783333333333334
46,1200,max-degree-R,0.8616236162361623,0.9108333333333334
47,1200,max-degree-U,0.8560885608856088,0.9891666666666666
48,1400,max-degree-O,0.0,0.5435714285714286
49,1400,max-degree-R,0.8579335793357934,0.9714285714285714
50,1400,max-degree-U,0.8523985239852399,0.9442857142857143
51,1600,max-degree-O,0.0,0.555
52,1600,max-degree-R,0.8597785977859779,0.950625
53,1600,max-degree-U,0.8523985239852399,0.95125
54,1800,max-degree-O,0.0,0.5355555555555556
55,1800,max-degree-R,0.8523985239852399,0.9638888888888889
56,1800,max-degree-U,0.8523985239852399,0.9655555555555555
57,2000,max-degree-O,0.0,0.548
58,2000,max-degree-R,0.8487084870848709,0.9935
59,2000,max-degree-U,0.8523985239852399,0.948
60,200,min-degree-O,0.0,0.035
61,200,min-degree-R,0.8653136531365314,0.98
62,200,min-degree-U,0.8579335793357934,1.0
63,400,min-degree-O,0.0,0.0825
64,400,min-degree-R,0.8542435424354243,0.9775
65,400,min-degree-U,0.8597785977859779,0.99
66,600,min-degree-O,0.0,0.09
67,600,min-degree-R,0.8579335793357934,0.9716666666666667
68,600,min-degree-U,0.8560885608856088,0.9733333333333334
69,800,min-degree-O,0.0,0.1225
70,800,min-degree-R,0.8579335793357934,0.98375
71,800,min-degree-U,0.8579335793357934,0.975
72,1000,min-degree-O,0.0,0.143
73,1000,min-degree-R,0.8597785977859779,0.953
74,1000,min-degree-U,0.8616236162361623,0.972
75,1200,min-degree-O,0.0,0.16416666666666666
76,1200,min-degree-R,0.8634686346863468,0.9933333333333333
77,1200,min-degree-U,0.8653136531365314,0.9716666666666667
78,1400,min-degree-O,0.0,0.14857142857142858
79,1400,min-degree-R,0.8653136531365314,0.9507142857142857
80,1400,min-degree-U,0.8653136531365314,0.9928571428571429
81,1600,min-degree-O,0.0,0.168125
82,1600,min-degree-R,0.8597785977859779,0.94875
83,1600,min-degree-U,0.8597785977859779,0.946875
84,1800,min-degree-O,0.0,0.19444444444444445
85,1800,min-degree-R,0.8523985239852399,0.9666666666666667
86,1800,min-degree-U,0.8597785977859779,0.9583333333333334
87,2000,min-degree-O,0.0,0.1995
88,2000,min-degree-R,0.8505535055350554,0.95
89,2000,min-degree-U,0.8634686346863468,0.9505
90,200,saliency-O,0.0,0.0
91,200,saliency-R,0.8690036900369004,1.0
92,200,saliency-U,0.8616236162361623,0.895
93,400,saliency-O,0.0,0.015
94,400,saliency-R,0.8708487084870848,0.9625
95,400,saliency-U,0.8616236162361623,0.925
96,600,saliency-O,0.0,0.505
97,600,saliency-R,0.8671586715867159,0.99
98,600,saliency-U,0.8616236162361623,0.505
99,800,saliency-O,0.0,0.00125
100,800,saliency-R,0.8671586715867159,1.0
101,800,saliency-U,0.8616236162361623,0.1475
102,1000,saliency-O,0.0,0.467
103,1000,saliency-R,0.8708487084870848,0.999
104,1000,saliency-U,0.8616236162361623,0.062
105,1200,saliency-O,0.0,0.8766666666666667
106,1200,saliency-R,0.8653136531365314,0.7275
107,1200,saliency-U,0.8616236162361623,0.72
108,1400,saliency-O,0.0,0.0
109,1400,saliency-R,0.8708487084870848,1.0
110,1400,saliency-U,0.8616236162361623,1.0
111,1600,saliency-O,0.0,0.41
112,1600,saliency-R,0.8763837638376384,1.0
113,1600,saliency-U,0.8616236162361623,0.278125
114,1800,saliency-O,0.0,0.3877777777777778
115,1800,saliency-R,0.8726937269372693,0.9694444444444444
116,1800,saliency-U,0.8616236162361623,0.18722222222222223
117,2000,saliency-O,0.0,0.6965
118,2000,saliency-R,0.8671586715867159,0.2995
119,2000,saliency-U,0.8616236162361623,1.0
120,200,random-O,0.0,0.32
121,200,random-R,0.8726937269372693,0.625
122,200,random-U,0.8745387453874539,0.94
123,400,random-O,0.0,0.4375
124,400,random-R,0.8616236162361623,0.8875
125,400,random-U,0.8726937269372693,0.6875
126,600,random-O,0.0,0.365
127,600,random-R,0.8708487084870848,0.665
128,600,random-U,0.8745387453874539,0.6966666666666667
129,800,random-O,0.0,0.4075
130,800,random-R,0.8690036900369004,0.84625
131,800,random-U,0.8726937269372693,0.86375
132,1000,random-O,0.0,0.412
133,1000,random-R,0.8542435424354243,0.88
134,1000,random-U,0.8671586715867159,0.698
135,1200,random-O,0.0,0.41333333333333333
136,1200,random-R,0.8653136531365314,0.9616666666666667
137,1200,random-U,0.8690036900369004,0.6941666666666667
138,1400,random-O,0.0,0.4107142857142857
139,1400,random-R,0.8597785977859779,0.7921428571428571
140,1400,random-U,0.8671586715867159,0.6935714285714286
141,1600,random-O,0.0,0.4
142,1600,random-R,0.8560885608856088,0.72375
143,1600,random-U,0.8653136531365314,0.716875
144,1800,random-O,0.0,0.39666666666666667
145,1800,random-R,0.8671586715867159,0.7588888888888888
146,1800,random-U,0.8671586715867159,0.74
147,2000,random-O,0.0,0.4065
148,2000,random-R,0.8597785977859779,0.751
149,2000,random-U,0.8653136531365314,0.8025
150,200,max-degree-O,0.0,0.91
151,200,max-degree-R,0.8726937269372693,0.84
152,200,max-degree-U,0.8634686346863468,0.86
153,400,max-degree-O,0.0,0.6775
154,400,max-degree-R,0.8597785977859779,0.9675
155,400,max-degree-U,0.8579335793357934,0.9675
156,600,max-degree-O,0.0,0.66
157,600,max-degree-R,0.8579335793357934,0.88
158,600,max-degree-U,0.8560885608856088,0.9383333333333334
159,800,max-degree-O,0.0,0.555
160,800,max-degree-R,0.8597785977859779,0.94625
161,800,max-degree-U,0.8542435424354243,0.9525
162,1000,max-degree-O,0.0,0.689
163,1000,max-degree-R,0.8690036900369004,0.927
164,1000,max-degree-U,0.8579335793357934,0.947
165,1200,max-degree-O,0.0,0.6525
166,1200,max-degree-R,0.8560885608856088,0.9108333333333334
167,1200,max-degree-U,0.8579335793357934,0.925
168,1400,max-degree-O,0.0,0.6228571428571429
169,1400,max-degree-R,0.8523985239852399,0.9542857142857143
170,1400,max-degree-U,0.8523985239852399,0.94
171,1600,max-degree-O,0.0,0.5975
172,1600,max-degree-R,0.8597785977859779,0.96125
173,1600,max-degree-U,0.8505535055350554,0.949375
174,1800,max-degree-O,0.0,0.5777777777777777
175,1800,max-degree-R,0.8505535055350554,0.9638888888888889
176,1800,max-degree-U,0.8523985239852399,0.9577777777777777
177,2000,max-degree-O,0.0,0.541
178,2000,max-degree-R,0.8542435424354243,0.964
179,2000,max-degree-U,0.8505535055350554,0.9645
180,200,min-degree-O,0.0,0.035
181,200,min-degree-R,0.8653136531365314,1.0
182,200,min-degree-U,0.8653136531365314,1.0
183,400,min-degree-O,0.0,0.0725
184,400,min-degree-R,0.8616236162361623,0.9875
185,400,min-degree-U,0.8653136531365314,0.99
186,600,min-degree-O,0.0,0.09
187,600,min-degree-R,0.8597785977859779,0.9766666666666667
188,600,min-degree-U,0.8653136531365314,0.9783333333333334
189,800,min-degree-O,0.0,0.0725
190,800,min-degree-R,0.8616236162361623,0.97125
191,800,min-degree-U,0.8671586715867159,0.9825
192,1000,min-degree-O,0.0,0.116
193,1000,min-degree-R,0.8505535055350554,1.0
194,1000,min-degree-U,0.8708487084870848,0.976
195,1200,min-degree-O,0.0,0.105
196,1200,min-degree-R,0.8560885608856088,0.9641666666666666
197,1200,min-degree-U,0.8708487084870848,0.9591666666666666
198,1400,min-degree-O,0.0,0.12714285714285714
199,1400,min-degree-R,0.8634686346863468,0.9742857142857143
200,1400,min-degree-U,0.8726937269372693,0.9742857142857143
201,1600,min-degree-O,0.0,0.145625
202,1600,min-degree-R,0.8505535055350554,0.965
203,1600,min-degree-U,0.8690036900369004,0.97
204,1800,min-degree-O,0.0,0.16333333333333333
205,1800,min-degree-R,0.8487084870848709,0.9688888888888889
206,1800,min-degree-U,0.8671586715867159,0.9872222222222222
207,2000,min-degree-O,0.0,0.1625
208,2000,min-degree-R,0.8579335793357934,0.963
209,2000,min-degree-U,0.8690036900369004,0.962
210,200,saliency-O,0.0,0.31
211,200,saliency-R,0.8653136531365314,0.675
212,200,saliency-U,0.8690036900369004,1.0
213,400,saliency-O,0.0,0.0
214,400,saliency-R,0.8708487084870848,0.9975
215,400,saliency-U,0.8690036900369004,1.0
216,600,saliency-O,0.0,0.555
217,600,saliency-R,0.8671586715867159,1.0
218,600,saliency-U,0.8690036900369004,1.0
219,800,saliency-O,0.0,0.0
220,800,saliency-R,0.8726937269372693,1.0
221,800,saliency-U,0.8690036900369004,1.0
222,1000,saliency-O,0.0,0.939
223,1000,saliency-R,0.8653136531365314,1.0
224,1000,saliency-U,0.8690036900369004,1.0
225,1200,saliency-O,0.0,0.0008333333333333334
226,1200,saliency-R,0.8763837638376384,0.9991666666666666
227,1200,saliency-U,0.8690036900369004,0.9958333333333333
228,1400,saliency-O,0.0,0.36857142857142855
229,1400,saliency-R,0.8671586715867159,0.6514285714285715
230,1400,saliency-U,0.8690036900369004,0.63
231,1600,saliency-O,0.0,0.800625
232,1600,saliency-R,0.8745387453874539,1.0
233,1600,saliency-U,0.8690036900369004,1.0
234,1800,saliency-O,0.0,0.7916666666666666
235,1800,saliency-R,0.8708487084870848,0.6133333333333333
236,1800,saliency-U,0.8690036900369004,1.0
237,2000,saliency-O,0.0,0.7785
238,2000,saliency-R,0.8634686346863468,0.226
239,2000,saliency-U,0.8690036900369004,0.228
240,200,random-O,0.0,0.43
241,200,random-R,0.8653136531365314,0.635
242,200,random-U,0.8634686346863468,0.645
243,400,random-O,0.0,0.385
244,400,random-R,0.8653136531365314,0.65
245,400,random-U,0.8634686346863468,0.93
246,600,random-O,0.0,0.425
247,600,random-R,0.8616236162361623,0.84
248,600,random-U,0.8597785977859779,0.6783333333333333
249,800,random-O,0.0,0.22375
250,800,random-R,0.8763837638376384,0.6775
251,800,random-U,0.8579335793357934,0.665
252,1000,random-O,0.0,0.374
253,1000,random-R,0.8671586715867159,0.659
254,1000,random-U,0.8523985239852399,0.722
255,1200,random-O,0.0,0.37333333333333335
256,1200,random-R,0.8690036900369004,0.8308333333333333
257,1200,random-U,0.8523985239852399,0.7233333333333334
258,1400,random-O,0.0,0.35642857142857143
259,1400,random-R,0.8597785977859779,0.6921428571428572
260,1400,random-U,0.8560885608856088,0.64
261,1600,random-O,0.0,0.395625
262,1600,random-R,0.8542435424354243,0.959375
263,1600,random-U,0.8597785977859779,0.724375
264,1800,random-O,0.0,0.3883333333333333
265,1800,random-R,0.8542435424354243,0.7872222222222223
266,1800,random-U,0.8597785977859779,0.7394444444444445
267,2000,random-O,0.0,0.4005
268,2000,random-R,0.8542435424354243,0.8325
269,2000,random-U,0.8579335793357934,0.8085
270,200,max-degree-O,0.0,0.76
271,200,max-degree-R,0.8708487084870848,0.875
272,200,max-degree-U,0.8579335793357934,0.835
273,400,max-degree-O,0.0,0.82
274,400,max-degree-R,0.8560885608856088,0.965
275,400,max-degree-U,0.8505535055350554,0.9625
276,600,max-degree-O,0.0,0.3283333333333333
277,600,max-degree-R,0.8671586715867159,0.93
278,600,max-degree-U,0.8505535055350554,0.88
279,800,max-degree-O,0.0,0.75625
280,800,max-degree-R,0.8653136531365314,0.97875
281,800,max-degree-U,0.8542435424354243,0.95375
282,1000,max-degree-O,0.0,0.699
283,1000,max-degree-R,0.8634686346863468,0.943
284,1000,max-degree-U,0.8542435424354243,0.927
285,1200,max-degree-O,0.0,0.6908333333333333
286,1200,max-degree-R,0.8597785977859779,0.9183333333333333
287,1200,max-degree-U,0.8523985239852399,0.9158333333333334
288,1400,max-degree-O,0.0,0.4
289,1400,max-degree-R,0.8671586715867159,0.9514285714285714
290,1400,max-degree-U,0.8468634686346863,0.9357142857142857
291,1600,max-degree-O,0.0,0.39375
292,1600,max-degree-R,0.8579335793357934,0.94875
293,1600,max-degree-U,0.8431734317343174,0.941875
294,1800,max-degree-O,0.0,0.32
295,1800,max-degree-R,0.8468634686346863,0.9616666666666667
296,1800,max-degree-U,0.8431734317343174,0.9555555555555556
297,2000,max-degree-O,0.0,0.3055
298,2000,max-degree-R,0.8413284132841329,0.986
299,2000,max-degree-U,0.8357933579335793,0.9475
300,200,min-degree-O,0.0,0.04
301,200,min-degree-R,0.8597785977859779,1.0
302,200,min-degree-U,0.8579335793357934,1.0
303,400,min-degree-O,0.0,0.11
304,400,min-degree-R,0.8671586715867159,0.985
305,400,min-degree-U,0.8616236162361623,0.99
306,600,min-degree-O,0.0,0.09666666666666666
307,600,min-degree-R,0.8616236162361623,0.9666666666666667
308,600,min-degree-U,0.8616236162361623,0.97
309,800,min-degree-O,0.0,0.12875
310,800,min-degree-R,0.8616236162361623,0.96625
311,800,min-degree-U,0.8653136531365314,0.9975
312,1000,min-degree-O,0.0,0.127
313,1000,min-degree-R,0.8653136531365314,0.964
314,1000,min-degree-U,0.8653136531365314,0.966
315,1200,min-degree-O,0.0,0.15583333333333332
316,1200,min-degree-R,0.8542435424354243,0.9533333333333334
317,1200,min-degree-U,0.8653136531365314,0.96
318,1400,min-degree-O,0.0,0.06714285714285714
319,1400,min-degree-R,0.8708487084870848,0.9685714285714285
320,1400,min-degree-U,0.8634686346863468,0.9507142857142857
321,1600,min-degree-O,0.0,0.146875
322,1600,min-degree-R,0.8690036900369004,0.98125
323,1600,min-degree-U,0.8653136531365314,0.979375
324,1800,min-degree-O,0.0,0.04111111111111111
325,1800,min-degree-R,0.8653136531365314,0.9416666666666667
326,1800,min-degree-U,0.8616236162361623,0.9722222222222222
327,2000,min-degree-O,0.0,0.1585
328,2000,min-degree-R,0.8597785977859779,0.9505
329,2000,min-degree-U,0.8634686346863468,0.9465
330,200,saliency-O,0.0,0.005
331,200,saliency-R,0.8653136531365314,0.2
332,200,saliency-U,0.8653136531365314,1.0
333,400,saliency-O,0.0,0.0075
334,400,saliency-R,0.8690036900369004,0.8225
335,400,saliency-U,0.8653136531365314,0.14
336,600,saliency-O,0.0,0.0
337,600,saliency-R,0.8708487084870848,0.45166666666666666
338,600,saliency-U,0.8653136531365314,0.2783333333333333
339,800,saliency-O,0.0,0.01
340,800,saliency-R,0.8671586715867159,1.0
341,800,saliency-U,0.8653136531365314,0.9875
342,1000,saliency-O,0.0,0.729
343,1000,saliency-R,0.8763837638376384,0.867
344,1000,saliency-U,0.8653136531365314,0.073
345,1200,saliency-O,0.0,0.49
346,1200,saliency-R,0.8782287822878229,0.57
347,1200,saliency-U,0.8653136531365314,0.5358333333333334
348,1400,saliency-O,0.0,0.7042857142857143
349,1400,saliency-R,0.8671586715867159,1.0
350,1400,saliency-U,0.8653136531365314,0.8221428571428572
351,1600,saliency-O,0.0,0.0025
352,1600,saliency-R,0.8726937269372693,1.0
353,1600,saliency-U,0.8653136531365314,0.996875
354,1800,saliency-O,0.0,0.0
355,1800,saliency-R,0.8745387453874539,1.0
356,1800,saliency-U,0.8653136531365314,1.0
357,2000,saliency-O,0.0,0.0655
358,2000,saliency-R,0.8726937269372693,0.76
359,2000,saliency-U,0.8653136531365314,0.788
360,200,random-O,0.0,0.49
361,200,random-R,0.8653136531365314,0.69
362,200,random-U,0.8745387453874539,0.98
363,400,random-O,0.0,0.41
364,400,random-R,0.8690036900369004,0.875
365,400,random-U,0.8708487084870848,0.655
366,600,random-O,0.0,0.40166666666666667
367,600,random-R,0.8653136531365314,0.6316666666666667
368,600,random-U,0.8745387453874539,0.615
369,800,random-O,0.0,0.43375
370,800,random-R,0.8579335793357934,0.64875
371,800,random-U,0.8745387453874539,0.9875
372,1000,random-O,0.0,0.422
373,1000,random-R,0.8597785977859779,0.689
374,1000,random-U,0.8708487084870848,0.989
375,1200,random-O,0.0,0.38166666666666665
376,1200,random-R,0.8616236162361623,0.6558333333333334
377,1200,random-U,0.8726937269372693,0.6575
378,1400,random-O,0.0,0.4085714285714286
379,1400,random-R,0.8523985239852399,0.6985714285714286
380,1400,random-U,0.8671586715867159,0.6678571428571428
381,1600,random-O,0.0,0.404375
382,1600,random-R,0.8542435424354243,0.716875
383,1600,random-U,0.8579335793357934,0.73625
384,1800,random-O,0.0,0.3888888888888889
385,1800,random-R,0.8468634686346863,0.6966666666666667
386,1800,random-U,0.8542435424354243,0.7072222222222222
387,2000,random-O,0.0,0.3955
388,2000,random-R,0.8487084870848709,0.763
389,2000,random-U,0.8560885608856088,0.87
390,200,max-degree-O,0.0,0.845
391,200,max-degree-R,0.8671586715867159,0.915
392,200,max-degree-U,0.8763837638376384,0.855
393,400,max-degree-O,0.0,0.83
394,400,max-degree-R,0.8690036900369004,0.9725
395,400,max-degree-U,0.8708487084870848,0.9675
396,600,max-degree-O,0.0,0.715
397,600,max-degree-R,0.8616236162361623,0.8716666666666667
398,600,max-degree-U,0.8708487084870848,0.875
399,800,max-degree-O,0.0,0.705
400,800,max-degree-R,0.8653136531365314,0.98625
401,800,max-degree-U,0.8708487084870848,0.9675
402,1000,max-degree-O,0.0,0.664
403,1000,max-degree-R,0.8597785977859779,0.976
404,1000,max-degree-U,0.8726937269372693,0.947
405,1200,max-degree-O,0.0,0.635
406,1200,max-degree-R,0.8708487084870848,0.9225
407,1200,max-degree-U,0.8708487084870848,0.9191666666666667
408,1400,max-degree-O,0.0,0.6557142857142857
409,1400,max-degree-R,0.8505535055350554,0.9292857142857143
410,1400,max-degree-U,0.8653136531365314,0.9857142857142858
411,1600,max-degree-O,0.0,0.594375
412,1600,max-degree-R,0.8542435424354243,0.939375
413,1600,max-degree-U,0.8616236162361623,0.95625
414,1800,max-degree-O,0.0,0.6672222222222223
415,1800,max-degree-R,0.8487084870848709,0.97
416,1800,max-degree-U,0.8634686346863468,0.9583333333333334
417,2000,max-degree-O,0.0,0.591
418,2000,max-degree-R,0.8505535055350554,0.956
419,2000,max-degree-U,0.8597785977859779,0.9575
420,200,min-degree-O,0.0,0.03
421,200,min-degree-R,0.8616236162361623,1.0
422,200,min-degree-U,0.8708487084870848,0.995
423,400,min-degree-O,0.0,0.0725
424,400,min-degree-R,0.8671586715867159,0.9975
425,400,min-degree-U,0.8708487084870848,1.0
426,600,min-degree-O,0.0,0.09833333333333333
427,600,min-degree-R,0.8653136531365314,0.995
428,600,min-degree-U,0.8708487084870848,0.98
429,800,min-degree-O,0.0,0.135
430,800,min-degree-R,0.8634686346863468,0.98375
431,800,min-degree-U,0.8708487084870848,0.96875
432,1000,min-degree-O,0.0,0.12
433,1000,min-degree-R,0.8579335793357934,0.968
434,1000,min-degree-U,0.8726937269372693,0.974
435,1200,min-degree-O,0.0,0.15333333333333332
436,1200,min-degree-R,0.8487084870848709,0.9866666666666667
437,1200,min-degree-U,0.8745387453874539,0.9558333333333333
438,1400,min-degree-O,0.0,0.17214285714285715
439,1400,min-degree-R,0.8745387453874539,0.9985714285714286
440,1400,min-degree-U,0.8782287822878229,0.9635714285714285
441,1600,min-degree-O,0.0,0.201875
442,1600,min-degree-R,0.8671586715867159,0.96625
443,1600,min-degree-U,0.8726937269372693,0.9675
444,1800,min-degree-O,0.0,0.17166666666666666
445,1800,min-degree-R,0.8487084870848709,0.9694444444444444
446,1800,min-degree-U,0.8708487084870848,0.995
447,2000,min-degree-O,0.0,0.2245
448,2000,min-degree-R,0.8450184501845018,0.9475
449,2000,min-degree-U,0.8653136531365314,0.9455
450,200,saliency-O,0.0,0.0
451,200,saliency-R,0.8726937269372693,0.995
452,200,saliency-U,0.8800738007380073,1.0
453,400,saliency-O,0.0,0.9925
454,400,saliency-R,0.8726937269372693,0.53
455,400,saliency-U,0.8800738007380073,0.0525
456,600,saliency-O,0.0,0.7133333333333334
457,600,saliency-R,0.8690036900369004,0.9983333333333333
458,600,saliency-U,0.8800738007380073,1.0
459,800,saliency-O,0.0,0.0925
460,800,saliency-R,0.8745387453874539,0.91375
461,800,saliency-U,0.8800738007380073,0.91375
462,1000,saliency-O,0.0,0.778
463,1000,saliency-R,0.8708487084870848,1.0
464,1000,saliency-U,0.8800738007380073,0.217
465,1200,saliency-O,0.0,0.5533333333333333
466,1200,saliency-R,0.8671586715867159,0.49833333333333335
467,1200,saliency-U,0.8800738007380073,0.9641666666666666
468,1400,saliency-O,0.0,0.0007142857142857143
469,1400,saliency-R,0.8597785977859779,1.0
470,1400,saliency-U,0.8800738007380073,0.6935714285714286
471,1600,saliency-O,0.0,0.0
472,1600,saliency-R,0.8653136531365314,1.0
473,1600,saliency-U,0.8800738007380073,0.973125
474,1800,saliency-O,0.0,0.19555555555555557
475,1800,saliency-R,0.8653136531365314,0.7994444444444444
476,1800,saliency-U,0.8800738007380073,1.0
477,2000,saliency-O,0.0,0.5125
478,2000,saliency-R,0.8708487084870848,0.404
479,2000,saliency-U,0.8800738007380073,0.4505
480,200,random-O,0.0,0.37
481,200,random-R,0.8597785977859779,0.735
482,200,random-U,0.8708487084870848,0.745
483,400,random-O,0.0,0.4
484,400,random-R,0.8671586715867159,0.7375
485,400,random-U,0.8690036900369004,0.6875
486,600,random-O,0.0,0.385
487,600,random-R,0.8597785977859779,0.685
488,600,random-U,0.8653136531365314,0.685
489,800,random-O,0.0,0.375
490,800,random-R,0.8634686346863468,0.69375
491,800,random-U,0.8634686346863468,0.68125
492,1000,random-O,0.0,0.384
493,1000,random-R,0.8634686346863468,0.7
494,1000,random-U,0.8579335793357934,0.681
495,1200,random-O,0.0,0.38
496,1200,random-R,0.8597785977859779,0.6633333333333333
497,1200,random-U,0.8560885608856088,0.6833333333333333
498,1400,random-O,0.0,0.39
499,1400,random-R,0.8505535055350554,0.675
500,1400,random-U,0.8579335793357934,0.6821428571428572
501,1600,random-O,0.0,0.3975
502,1600,random-R,0.8708487084870848,0.6775
503,1600,random-U,0.8579335793357934,0.735
504,1800,random-O,0.0,0.37555555555555553
505,1800,random-R,0.8542435424354243,0.7555555555555555
506,1800,random-U,0.8616236162361623,0.8372222222222222
507,2000,random-O,0.0,0.3605
508,2000,random-R,0.8431734317343174,0.9805
509,2000,random-U,0.8616236162361623,0.74
510,200,max-degree-O,0.0,0.85
511,200,max-degree-R,0.8653136531365314,0.885
512,200,max-degree-U,0.8671586715867159,0.85
513,400,max-degree-O,0.0,0.7725
514,400,max-degree-R,0.8597785977859779,0.955
515,400,max-degree-U,0.8634686346863468,0.9625
516,600,max-degree-O,0.0,0.5816666666666667
517,600,max-degree-R,0.8634686346863468,0.88
518,600,max-degree-U,0.8616236162361623,0.9233333333333333
519,800,max-degree-O,0.0,0.635
520,800,max-degree-R,0.8634686346863468,0.94875
521,800,max-degree-U,0.8616236162361623,0.9575
522,1000,max-degree-O,0.0,0.571
523,1000,max-degree-R,0.8616236162361623,0.931
524,1000,max-degree-U,0.8634686346863468,0.958
525,1200,max-degree-O,0.0,0.6416666666666667
526,1200,max-degree-R,0.8616236162361623,0.9216666666666666
527,1200,max-degree-U,0.8616236162361623,0.9633333333333334
528,1400,max-degree-O,0.0,0.6657142857142857
529,1400,max-degree-R,0.8579335793357934,0.9464285714285714
530,1400,max-degree-U,0.8560885608856088,0.9464285714285714
531,1600,max-degree-O,0.0,0.6375
532,1600,max-degree-R,0.8505535055350554,0.9625
533,1600,max-degree-U,0.8505535055350554,0.955625
534,1800,max-degree-O,0.0,0.6344444444444445
535,1800,max-degree-R,0.8505535055350554,0.965
536,1800,max-degree-U,0.8505535055350554,0.9666666666666667
537,2000,max-degree-O,0.0,0.6025
538,2000,max-degree-R,0.8542435424354243,0.9725
539,2000,max-degree-U,0.8487084870848709,0.9675
540,200,min-degree-O,0.0,0.06
541,200,min-degree-R,0.8653136531365314,0.995
542,200,min-degree-U,0.8653136531365314,0.995
543,400,min-degree-O,0.0,0.0825
544,400,min-degree-R,0.8560885608856088,0.99
545,400,min-degree-U,0.8653136531365314,0.9775
546,600,min-degree-O,0.0,0.07166666666666667
547,600,min-degree-R,0.8616236162361623,0.975
548,600,min-degree-U,0.8653136531365314,0.9933333333333333
549,800,min-degree-O,0.0,0.12125
550,800,min-degree-R,0.8542435424354243,0.9675
551,800,min-degree-U,0.8690036900369004,0.97375
552,1000,min-degree-O,0.0,0.113
553,1000,min-degree-R,0.8745387453874539,0.982
554,1000,min-degree-U,0.8745387453874539,0.972
555,1200,min-degree-O,0.0,0.13083333333333333
556,1200,min-degree-R,0.8560885608856088,0.9691666666666666
557,1200,min-degree-U,0.8726937269372693,0.9908333333333333
558,1400,min-degree-O,0.0,0.145
559,1400,min-degree-R,0.8708487084870848,0.99
560,1400,min-degree-U,0.8782287822878229,0.9735714285714285
561,1600,min-degree-O,0.0,0.154375
562,1600,min-degree-R,0.8505535055350554,0.975
563,1600,min-degree-U,0.8726937269372693,0.97625
564,1800,min-degree-O,0.0,0.18055555555555555
565,1800,min-degree-R,0.8616236162361623,0.9872222222222222
566,1800,min-degree-U,0.8690036900369004,0.9622222222222222
567,2000,min-degree-O,0.0,0.1645
568,2000,min-degree-R,0.8523985239852399,0.9625
569,2000,min-degree-U,0.8690036900369004,0.967
570,200,saliency-O,0.0,0.655
571,200,saliency-R,0.8634686346863468,1.0
572,200,saliency-U,0.8708487084870848,0.995
573,400,saliency-O,0.0,0.3225
574,400,saliency-R,0.8726937269372693,0.9975
575,400,saliency-U,0.8708487084870848,0.9975
576,600,saliency-O,0.0,0.3883333333333333
577,600,saliency-R,0.8745387453874539,0.65
578,600,saliency-U,0.8708487084870848,1.0
579,800,saliency-O,0.0,0.9925
580,800,saliency-R,0.8708487084870848,0.9475
581,800,saliency-U,0.8708487084870848,1.0
582,1000,saliency-O,0.0,0.839
583,1000,saliency-R,0.8671586715867159,0.98
584,1000,saliency-U,0.8708487084870848,1.0
585,1200,saliency-O,0.0,0.0016666666666666668
586,1200,saliency-R,0.8616236162361623,0.9991666666666666
587,1200,saliency-U,0.8708487084870848,1.0
588,1400,saliency-O,0.0,0.09428571428571429
589,1400,saliency-R,0.8653136531365314,0.8964285714285715
590,1400,saliency-U,0.8708487084870848,1.0
591,1600,saliency-O,0.0,0.00125
592,1600,saliency-R,0.8690036900369004,1.0
593,1600,saliency-U,0.8708487084870848,1.0
594,1800,saliency-O,0.0,0.0
595,1800,saliency-R,0.8726937269372693,1.0
596,1800,saliency-U,0.8708487084870848,1.0
597,2000,saliency-O,0.0,0.359
598,2000,saliency-R,0.8726937269372693,0.8395
599,2000,saliency-U,0.8708487084870848,1.0
600,200,random-O,0.0,0.205
601,200,random-R,0.8745387453874539,0.65
602,200,random-U,0.8763837638376384,0.705
603,400,random-O,0.0,0.4
604,400,random-R,0.8745387453874539,0.9725
605,400,random-U,0.8745387453874539,0.75
606,600,random-O,0.0,0.37666666666666665
607,600,random-R,0.8634686346863468,0.6666666666666666
608,600,random-U,0.8726937269372693,0.6866666666666666
609,800,random-O,0.0,0.25375
610,800,random-R,0.8708487084870848,0.6975
611,800,random-U,0.8763837638376384,0.71
612,1000,random-O,0.0,0.223
613,1000,random-R,0.8671586715867159,0.93
614,1000,random-U,0.8745387453874539,0.727
615,1200,random-O,0.0,0.265
616,1200,random-R,0.8634686346863468,0.6566666666666666
617,1200,random-U,0.8726937269372693,0.7008333333333333
618,1400,random-O,0.0,0.3807142857142857
619,1400,random-R,0.8653136531365314,0.7157142857142857
620,1400,random-U,0.8690036900369004,0.7735714285714286
621,1600,random-O,0.0,0.179375
622,1600,random-R,0.8708487084870848,0.955
623,1600,random-U,0.8745387453874539,0.701875
624,1800,random-O,0.0,0.23
625,1800,random-R,0.8708487084870848,0.7238888888888889
626,1800,random-U,0.8726937269372693,0.7244444444444444
627,2000,random-O,0.0,0.3535
628,2000,random-R,0.8560885608856088,0.754
629,2000,random-U,0.8671586715867159,0.7625
630,200,max-degree-O,0.0,0.815
631,200,max-degree-R,0.8726937269372693,0.845
632,200,max-degree-U,0.8671586715867159,0.87
633,400,max-degree-O,0.0,0.645
634,400,max-degree-R,0.8634686346863468,0.9625
635,400,max-degree-U,0.8579335793357934,0.9725
636,600,max-degree-O,0.0,0.11
637,600,max-degree-R,0.8671586715867159,0.89
638,600,max-degree-U,0.8597785977859779,0.9566666666666667
639,800,max-degree-O,0.0,0.485
640,800,max-degree-R,0.8634686346863468,0.9525
641,800,max-degree-U,0.8616236162361623,0.9525
642,1000,max-degree-O,0.0,0.622
643,1000,max-degree-R,0.8653136531365314,0.938
644,1000,max-degree-U,0.8634686346863468,0.929
645,1200,max-degree-O,0.0,0.6766666666666666
646,1200,max-degree-R,0.8634686346863468,0.9125
647,1200,max-degree-U,0.8597785977859779,0.9233333333333333
648,1400,max-degree-O,0.0,0.48714285714285716
649,1400,max-degree-R,0.8708487084870848,0.9507142857142857
650,1400,max-degree-U,0.8542435424354243,0.9464285714285714
651,1600,max-degree-O,0.0,0.401875
652,1600,max-degree-R,0.8505535055350554,0.953125
653,1600,max-degree-U,0.8542435424354243,0.9625
654,1800,max-degree-O,0.0,0.37166666666666665
655,1800,max-degree-R,0.8579335793357934,0.9738888888888889
656,1800,max-degree-U,0.8542435424354243,0.9922222222222222
657,2000,max-degree-O,0.0,0.1725
658,2000,max-degree-R,0.8523985239852399,0.987
659,2000,max-degree-U,0.8560885608856088,0.957
660,200,min-degree-O,0.0,0.02
661,200,min-degree-R,0.8690036900369004,0.995
662,200,min-degree-U,0.8653136531365314,0.99
663,400,min-degree-O,0.0,0.08
664,400,min-degree-R,0.8653136531365314,0.9975
665,400,min-degree-U,0.8671586715867159,0.99
666,600,min-degree-O,0.0,0.06
667,600,min-degree-R,0.8653136531365314,0.9666666666666667
668,600,min-degree-U,0.8634686346863468,0.9816666666666667
669,800,min-degree-O,0.0,0.08
670,800,min-degree-R,0.8542435424354243,0.9625
671,800,min-degree-U,0.8653136531365314,0.97375
672,1000,min-degree-O,0.0,0.12
673,1000,min-degree-R,0.8597785977859779,0.962
674,1000,min-degree-U,0.8671586715867159,0.962
675,1200,min-degree-O,0.0,0.07083333333333333
676,1200,min-degree-R,0.8616236162361623,0.9933333333333333
677,1200,min-degree-U,0.8690036900369004,0.9508333333333333
678,1400,min-degree-O,0.0,0.14357142857142857
679,1400,min-degree-R,0.8579335793357934,0.9592857142857143
680,1400,min-degree-U,0.8745387453874539,0.9857142857142858
681,1600,min-degree-O,0.0,0.119375
682,1600,min-degree-R,0.8542435424354243,0.945
683,1600,min-degree-U,0.8690036900369004,0.956875
684,1800,min-degree-O,0.0,0.1738888888888889
685,1800,min-degree-R,0.8560885608856088,0.9516666666666667
686,1800,min-degree-U,0.8634686346863468,0.9544444444444444
687,2000,min-degree-O,0.0,0.124
688,2000,min-degree-R,0.8616236162361623,0.96
689,2000,min-degree-U,0.8690036900369004,0.9725
690,200,saliency-O,0.0,0.01
691,200,saliency-R,0.8763837638376384,0.78
692,200,saliency-U,0.8782287822878229,0.975
693,400,saliency-O,0.0,0.0025
694,400,saliency-R,0.8782287822878229,1.0
695,400,saliency-U,0.8782287822878229,1.0
696,600,saliency-O,0.0,0.0
697,600,saliency-R,0.8579335793357934,0.5316666666666666
698,600,saliency-U,0.8782287822878229,1.0
699,800,saliency-O,0.0,0.2
700,800,saliency-R,0.8708487084870848,0.5625
701,800,saliency-U,0.8782287822878229,0.80875
702,1000,saliency-O,0.0,0.015
703,1000,saliency-R,0.8690036900369004,0.988
704,1000,saliency-U,0.8782287822878229,1.0
705,1200,saliency-O,0.0,0.04083333333333333
706,1200,saliency-R,0.8708487084870848,0.945
707,1200,saliency-U,0.8782287822878229,0.9541666666666667
708,1400,saliency-O,0.0,0.27285714285714285
709,1400,saliency-R,0.8763837638376384,1.0
710,1400,saliency-U,0.8782287822878229,0.5892857142857143
711,1600,saliency-O,0.0,0.0125
712,1600,saliency-R,0.8671586715867159,1.0
713,1600,saliency-U,0.8782287822878229,0.9825
714,1800,saliency-O,0.0,0.0
715,1800,saliency-R,0.8690036900369004,0.6627777777777778
716,1800,saliency-U,0.8782287822878229,1.0
717,2000,saliency-O,0.0,0.001
718,2000,saliency-R,0.8690036900369004,0.7785
719,2000,saliency-U,0.8782287822878229,0.9995
720,200,random-O,0.0,0.385
721,200,random-R,0.8579335793357934,0.975
722,200,random-U,0.8671586715867159,0.695
723,400,random-O,0.0,0.42
724,400,random-R,0.8690036900369004,0.805
725,400,random-U,0.8653136531365314,0.9525
726,600,random-O,0.0,0.375
727,600,random-R,0.8616236162361623,0.6866666666666666
728,600,random-U,0.8653136531365314,0.6983333333333334
729,800,random-O,0.0,0.42625
730,800,random-R,0.8634686346863468,0.68875
731,800,random-U,0.8616236162361623,0.68375
732,1000,random-O,0.0,0.395
733,1000,random-R,0.8579335793357934,0.7
734,1000,random-U,0.8597785977859779,0.735
735,1200,random-O,0.0,0.41583333333333333
736,1200,random-R,0.8634686346863468,0.6208333333333333
737,1200,random-U,0.8597785977859779,0.6808333333333333
738,1400,random-O,0.0,0.4328571428571429
739,1400,random-R,0.8690036900369004,0.8035714285714286
740,1400,random-U,0.8597785977859779,0.9471428571428572
741,1600,random-O,0.0,0.445625
742,1600,random-R,0.8560885608856088,0.75375
743,1600,random-U,0.8579335793357934,0.73875
744,1800,random-O,0.0,0.4033333333333333
745,1800,random-R,0.8523985239852399,0.7561111111111111
746,1800,random-U,0.8597785977859779,0.7327777777777778
747,2000,random-O,0.0,0.437
748,2000,random-R,0.8523985239852399,0.771
749,2000,random-U,0.8579335793357934,0.995
750,200,max-degree-O,0.0,0.615
751,200,max-degree-R,0.8690036900369004,0.88
752,200,max-degree-U,0.8616236162361623,0.93
753,400,max-degree-O,0.0,0.7825
754,400,max-degree-R,0.8671586715867159,0.9675
755,400,max-degree-U,0.8542435424354243,0.9725
756,600,max-degree-O,0.0,0.5966666666666667
757,600,max-degree-R,0.8653136531365314,0.88
758,600,max-degree-U,0.8542435424354243,0.89
759,800,max-degree-O,0.0,0.65875
760,800,max-degree-R,0.8634686346863468,0.94
761,800,max-degree-U,0.8597785977859779,0.96375
762,1000,max-degree-O,0.0,0.584
763,1000,max-degree-R,0.8690036900369004,0.929
764,1000,max-degree-U,0.8616236162361623,0.92
765,1200,max-degree-O,0.0,0.5516666666666666
766,1200,max-degree-R,0.8597785977859779,0.92
767,1200,max-degree-U,0.8597785977859779,0.9133333333333333
768,1400,max-degree-O,0.0,0.5592857142857143
769,1400,max-degree-R,0.8505535055350554,0.9392857142857143
770,1400,max-degree-U,0.8560885608856088,0.9357142857142857
771,1600,max-degree-O,0.0,0.535625
772,1600,max-degree-R,0.8523985239852399,0.9475
773,1600,max-degree-U,0.8505535055350554,0.949375
774,1800,max-degree-O,0.0,0.5383333333333333
775,1800,max-degree-R,0.8616236162361623,0.9638888888888889
776,1800,max-degree-U,0.8523985239852399,0.9555555555555556
777,2000,max-degree-O,0.0,0.4915
778,2000,max-degree-R,0.8616236162361623,0.9585
779,2000,max-degree-U,0.8523985239852399,0.9585
780,200,min-degree-O,0.0,0.07
781,200,min-degree-R,0.8653136531365314,0.995
782,200,min-degree-U,0.8579335793357934,0.99
783,400,min-degree-O,0.0,0.075
784,400,min-degree-R,0.8634686346863468,0.9875
785,400,min-degree-U,0.8597785977859779,0.9975
786,600,min-degree-O,0.0,0.09666666666666666
787,600,min-degree-R,0.8523985239852399,0.9816666666666667
788,600,min-degree-U,0.8579335793357934,0.9933333333333333
789,800,min-degree-O,0.0,0.105
790,800,min-degree-R,0.8671586715867159,0.97
791,800,min-degree-U,0.8579335793357934,0.97625
792,1000,min-degree-O,0.0,0.129
793,1000,min-degree-R,0.8487084870848709,0.992
794,1000,min-degree-U,0.8597785977859779,0.974
795,1200,min-degree-O,0.0,0.13916666666666666
796,1200,min-degree-R,0.8560885608856088,0.9741666666666666
797,1200,min-degree-U,0.8616236162361623,0.99
798,1400,min-degree-O,0.0,0.14142857142857143
799,1400,min-degree-R,0.8579335793357934,0.9557142857142857
800,1400,min-degree-U,0.8616236162361623,0.9614285714285714
801,1600,min-degree-O,0.0,0.1525
802,1600,min-degree-R,0.8560885608856088,0.96375
803,1600,min-degree-U,0.8616236162361623,0.9675
804,1800,min-degree-O,0.0,0.18
805,1800,min-degree-R,0.8468634686346863,0.9688888888888889
806,1800,min-degree-U,0.8579335793357934,0.9711111111111111
807,2000,min-degree-O,0.0,0.196
808,2000,min-degree-R,0.8413284132841329,0.96
809,2000,min-degree-U,0.8597785977859779,0.9605
810,200,saliency-O,0.0,0.98
811,200,saliency-R,0.8634686346863468,1.0
812,200,saliency-U,0.8671586715867159,0.005
813,400,saliency-O,0.0,0.0775
814,400,saliency-R,0.8726937269372693,0.505
815,400,saliency-U,0.8671586715867159,1.0
816,600,saliency-O,0.0,0.48333333333333334
817,600,saliency-R,0.8708487084870848,0.9983333333333333
818,600,saliency-U,0.8671586715867159,1.0
819,800,saliency-O,0.0,0.7075
820,800,saliency-R,0.8671586715867159,0.24875
821,800,saliency-U,0.8671586715867159,1.0
822,1000,saliency-O,0.0,0.036
823,1000,saliency-R,0.8708487084870848,0.996
824,1000,saliency-U,0.8671586715867159,1.0
825,1200,saliency-O,0.0,0.3566666666666667
826,1200,saliency-R,0.8800738007380073,0.9991666666666666
827,1200,saliency-U,0.8671586715867159,1.0
828,1400,saliency-O,0.0,0.07
829,1400,saliency-R,0.8726937269372693,0.20714285714285716
830,1400,saliency-U,0.8671586715867159,1.0
831,1600,saliency-O,0.0,0.576875
832,1600,saliency-R,0.8690036900369004,0.51
833,1600,saliency-U,0.8671586715867159,1.0
834,1800,saliency-O,0.0,0.6616666666666666
835,1800,saliency-R,0.8653136531365314,1.0
836,1800,saliency-U,0.8671586715867159,1.0
837,2000,saliency-O,0.0,0.4145
838,2000,saliency-R,0.8671586715867159,0.6655
839,2000,saliency-U,0.8671586715867159,1.0
840,200,random-O,0.0,0.45
841,200,random-R,0.8782287822878229,0.96
842,200,random-U,0.8690036900369004,0.64
843,400,random-O,0.0,0.4475
844,400,random-R,0.8745387453874539,0.6525
845,400,random-U,0.8708487084870848,0.67
846,600,random-O,0.0,0.41833333333333333
847,600,random-R,0.8653136531365314,0.7733333333333333
848,600,random-U,0.8634686346863468,0.6366666666666667
849,800,random-O,0.0,0.43
850,800,random-R,0.8579335793357934,0.65125
851,800,random-U,0.8616236162361623,0.67125
852,1000,random-O,0.0,0.389
853,1000,random-R,0.8505535055350554,0.854
854,1000,random-U,0.8560885608856088,0.649
855,1200,random-O,0.0,0.4225
856,1200,random-R,0.8468634686346863,0.6658333333333334
857,1200,random-U,0.8597785977859779,0.68
858,1400,random-O,0.0,0.4257142857142857
859,1400,random-R,0.8634686346863468,0.6707142857142857
860,1400,random-U,0.8579335793357934,0.7307142857142858
861,1600,random-O,0.0,0.44375
862,1600,random-R,0.8542435424354243,0.815
863,1600,random-U,0.8505535055350554,0.72875
864,1800,random-O,0.0,0.4272222222222222
865,1800,random-R,0.8690036900369004,0.7366666666666667
866,1800,random-U,0.8542435424354243,0.7477777777777778
867,2000,random-O,0.0,0.434
868,2000,random-R,0.8653136531365314,0.7435
869,2000,random-U,0.8597785977859779,0.755
870,200,max-degree-O,0.0,0.74
871,200,max-degree-R,0.8763837638376384,0.965
872,200,max-degree-U,0.8616236162361623,0.85
873,400,max-degree-O,0.0,0.815
874,400,max-degree-R,0.8653136531365314,0.995
875,400,max-degree-U,0.8560885608856088,0.9725
876,600,max-degree-O,0.0,0.7733333333333333
877,600,max-degree-R,0.8579335793357934,0.9766666666666667
878,600,max-degree-U,0.8468634686346863,0.91
879,800,max-degree-O,0.0,0.72875
880,800,max-degree-R,0.8597785977859779,0.95
881,800,max-degree-U,0.8505535055350554,0.95125
882,1000,max-degree-O,0.0,0.729
883,1000,max-degree-R,0.8671586715867159,0.933
884,1000,max-degree-U,0.8523985239852399,0.942
885,1200,max-degree-O,0.0,0.6675
886,1200,max-degree-R,0.8634686346863468,0.9091666666666667
887,1200,max-degree-U,0.8505535055350554,0.9183333333333333
888,1400,max-degree-O,0.0,0.6664285714285715
889,1400,max-degree-R,0.8542435424354243,0.9371428571428572
890,1400,max-degree-U,0.8431734317343174,0.9335714285714286
891,1600,max-degree-O,0.0,0.6225
892,1600,max-degree-R,0.8431734317343174,0.9575
893,1600,max-degree-U,0.8413284132841329,0.955625
894,1800,max-degree-O,0.0,0.5944444444444444
895,1800,max-degree-R,0.8560885608856088,0.9472222222222222
896,1800,max-degree-U,0.8468634686346863,0.9516666666666667
897,2000,max-degree-O,0.0,0.591
898,2000,max-degree-R,0.8487084870848709,0.9675
899,2000,max-degree-U,0.8450184501845018,0.973
900,200,min-degree-O,0.0,0.035
901,200,min-degree-R,0.8708487084870848,1.0
902,200,min-degree-U,0.8634686346863468,0.995
903,400,min-degree-O,0.0,0.065
904,400,min-degree-R,0.8634686346863468,0.99
905,400,min-degree-U,0.8634686346863468,0.9875
906,600,min-degree-O,0.0,0.09166666666666666
907,600,min-degree-R,0.8634686346863468,0.9783333333333334
908,600,min-degree-U,0.8671586715867159,0.9833333333333333
909,800,min-degree-O,0.0,0.09125
910,800,min-degree-R,0.8597785977859779,0.97125
911,800,min-degree-U,0.8690036900369004,0.97875
912,1000,min-degree-O,0.0,0.111
913,1000,min-degree-R,0.8523985239852399,0.969
914,1000,min-degree-U,0.8708487084870848,0.981
915,1200,min-degree-O,0.0,0.10916666666666666
916,1200,min-degree-R,0.8597785977859779,0.9658333333333333
917,1200,min-degree-U,0.8708487084870848,0.9741666666666666
918,1400,min-degree-O,0.0,0.12785714285714286
919,1400,min-degree-R,0.8597785977859779,0.9835714285714285
920,1400,min-degree-U,0.8745387453874539,0.9978571428571429
921,1600,min-degree-O,0.0,0.154375
922,1600,min-degree-R,0.8579335793357934,0.968125
923,1600,min-degree-U,0.8616236162361623,0.9625
924,1800,min-degree-O,0.0,0.17888888888888888
925,1800,min-degree-R,0.8560885608856088,0.9727777777777777
926,1800,min-degree-U,0.8616236162361623,0.9972222222222222
927,2000,min-degree-O,0.0,0.1835
928,2000,min-degree-R,0.8653136531365314,0.988
929,2000,min-degree-U,0.8616236162361623,0.965
930,200,saliency-O,0.0,0.52
931,200,saliency-R,0.8690036900369004,1.0
932,200,saliency-U,0.8671586715867159,1.0
933,400,saliency-O,0.0,0.235
934,400,saliency-R,0.8690036900369004,0.6575
935,400,saliency-U,0.8671586715867159,1.0
936,600,saliency-O,0.0,0.5833333333333334
937,600,saliency-R,0.8653136531365314,1.0
938,600,saliency-U,0.8671586715867159,0.375
939,800,saliency-O,0.0,0.42375
940,800,saliency-R,0.8690036900369004,1.0
941,800,saliency-U,0.8671586715867159,0.5075
942,1000,saliency-O,0.0,0.207
943,1000,saliency-R,0.8708487084870848,0.618
944,1000,saliency-U,0.8671586715867159,0.81
945,1200,saliency-O,0.0,0.6258333333333334
946,1200,saliency-R,0.8671586715867159,1.0
947,1200,saliency-U,0.8671586715867159,1.0
948,1400,saliency-O,0.0,0.4157142857142857
949,1400,saliency-R,0.8653136531365314,0.40785714285714286
950,1400,saliency-U,0.8671586715867159,0.6307142857142857
951,1600,saliency-O,0.0,0.0225
952,1600,saliency-R,0.8745387453874539,0.9825
953,1600,saliency-U,0.8671586715867159,1.0
954,1800,saliency-O,0.0,0.0
955,1800,saliency-R,0.8671586715867159,1.0
956,1800,saliency-U,0.8671586715867159,1.0
957,2000,saliency-O,0.0,0.5205
958,2000,saliency-R,0.8671586715867159,0.976
959,2000,saliency-U,0.8671586715867159,0.981
960,200,random-O,0.0,0.155
961,200,random-R,0.8690036900369004,0.835
962,200,random-U,0.8671586715867159,0.985
963,400,random-O,0.0,0.06
964,400,random-R,0.8690036900369004,0.78
965,400,random-U,0.8671586715867159,0.655
966,600,random-O,0.0,0.011666666666666667
967,600,random-R,0.8671586715867159,0.6766666666666666
968,600,random-U,0.8690036900369004,0.6366666666666667
969,800,random-O,0.0,0.00875
970,800,random-R,0.8597785977859779,0.67
971,800,random-U,0.8690036900369004,0.67125
972,1000,random-O,0.0,0.037
973,1000,random-R,0.8597785977859779,0.972
974,1000,random-U,0.8653136531365314,0.69
975,1200,random-O,0.0,0.01
976,1200,random-R,0.8634686346863468,0.6741666666666667
977,1200,random-U,0.8616236162361623,0.6783333333333333
978,1400,random-O,0.0,0.04
979,1400,random-R,0.8634686346863468,0.6871428571428572
980,1400,random-U,0.8616236162361623,0.6785714285714286
981,1600,random-O,0.0,0.3825
982,1600,random-R,0.8431734317343174,0.73625
983,1600,random-U,0.8542435424354243,0.83
984,1800,random-O,0.0,0.015555555555555555
985,1800,random-R,0.8542435424354243,0.7316666666666667
986,1800,random-U,0.8560885608856088,0.7433333333333333
987,2000,random-O,0.0,0.034
988,2000,random-R,0.8560885608856088,0.7575
989,2000,random-U,0.8560885608856088,0.752
990,200,max-degree-O,0.0,0.82
991,200,max-degree-R,0.8671586715867159,0.85
992,200,max-degree-U,0.8690036900369004,1.0
993,400,max-degree-O,0.0,0.22
994,400,max-degree-R,0.8579335793357934,0.955
995,400,max-degree-U,0.8597785977859779,0.9625
996,600,max-degree-O,0.0,0.14666666666666667
997,600,max-degree-R,0.8671586715867159,0.9
998,600,max-degree-U,0.8616236162361623,0.995
999,800,max-degree-O,0.0,0.03
1000,800,max-degree-R,0.8542435424354243,0.94875
1001,800,max-degree-U,0.8597785977859779,0.95
1002,1000,max-degree-O,0.0,0.043
1003,1000,max-degree-R,0.8542435424354243,0.929
1004,1000,max-degree-U,0.8653136531365314,0.982
1005,1200,max-degree-O,0.0,0.37833333333333335
1006,1200,max-degree-R,0.8708487084870848,0.9133333333333333
1007,1200,max-degree-U,0.8616236162361623,0.9216666666666666
1008,1400,max-degree-O,0.0,0.19785714285714287
1009,1400,max-degree-R,0.8579335793357934,0.9528571428571428
1010,1400,max-degree-U,0.8579335793357934,0.9364285714285714
1011,1600,max-degree-O,0.0,0.693125
1012,1600,max-degree-R,0.8542435424354243,0.973125
1013,1600,max-degree-U,0.8523985239852399,0.96125
1014,1800,max-degree-O,0.0,0.6861111111111111
1015,1800,max-degree-R,0.8487084870848709,0.9627777777777777
1016,1800,max-degree-U,0.8523985239852399,0.9583333333333334
1017,2000,max-degree-O,0.0,0.36
1018,2000,max-degree-R,0.8487084870848709,0.9705
1019,2000,max-degree-U,0.8505535055350554,0.97
1020,200,min-degree-O,0.0,0.01
1021,200,min-degree-R,0.8579335793357934,1.0
1022,200,min-degree-U,0.8616236162361623,0.995
1023,400,min-degree-O,0.0,0.0325
1024,400,min-degree-R,0.8597785977859779,0.98
1025,400,min-degree-U,0.8653136531365314,0.98
1026,600,min-degree-O,0.0,0.0016666666666666668
1027,600,min-degree-R,0.8560885608856088,0.995
1028,600,min-degree-U,0.8653136531365314,0.9733333333333334
1029,800,min-degree-O,0.0,0.1175
1030,800,min-degree-R,0.8560885608856088,0.97625
1031,800,min-degree-U,0.8708487084870848,0.98375
1032,1000,min-degree-O,0.0,0.126
1033,1000,min-degree-R,0.8708487084870848,0.991
1034,1000,min-degree-U,0.8726937269372693,0.977
1035,1200,min-degree-O,0.0,0.005
1036,1200,min-degree-R,0.8616236162361623,0.9758333333333333
1037,1200,min-degree-U,0.8708487084870848,0.9725
1038,1400,min-degree-O,0.0,0.01
1039,1400,min-degree-R,0.8653136531365314,0.9642857142857143
1040,1400,min-degree-U,0.8726937269372693,0.9714285714285714
1041,1600,min-degree-O,0.0,0.073125
1042,1600,min-degree-R,0.8597785977859779,0.963125
1043,1600,min-degree-U,0.8708487084870848,0.955625
1044,1800,min-degree-O,0.0,0.0044444444444444444
1045,1800,min-degree-R,0.8560885608856088,0.9616666666666667
1046,1800,min-degree-U,0.8690036900369004,0.9672222222222222
1047,2000,min-degree-O,0.0,0.17
1048,2000,min-degree-R,0.8542435424354243,0.962
1049,2000,min-degree-U,0.8671586715867159,0.958
1050,200,saliency-O,0.0,0.0
1051,200,saliency-R,0.8616236162361623,1.0
1052,200,saliency-U,0.8726937269372693,1.0
1053,400,saliency-O,0.0,0.0
1054,400,saliency-R,0.8708487084870848,0.9925
1055,400,saliency-U,0.8726937269372693,0.9975
1056,600,saliency-O,0.0,0.0
1057,600,saliency-R,0.8690036900369004,0.5183333333333333
1058,600,saliency-U,0.8726937269372693,0.6116666666666667
1059,800,saliency-O,0.0,0.0
1060,800,saliency-R,0.8653136531365314,1.0
1061,800,saliency-U,0.8726937269372693,1.0
1062,1000,saliency-O,0.0,0.0
1063,1000,saliency-R,0.8690036900369004,1.0
1064,1000,saliency-U,0.8726937269372693,1.0
1065,1200,saliency-O,0.0,0.0
1066,1200,saliency-R,0.8634686346863468,1.0
1067,1200,saliency-U,0.8726937269372693,0.1725
1068,1400,saliency-O,0.0,0.0
1069,1400,saliency-R,0.8708487084870848,0.9707142857142858
1070,1400,saliency-U,0.8726937269372693,0.9685714285714285
1071,1600,saliency-O,0.0,0.0
1072,1600,saliency-R,0.8671586715867159,1.0
1073,1600,saliency-U,0.8726937269372693,1.0
1074,1800,saliency-O,0.0,0.0
1075,1800,saliency-R,0.8708487084870848,0.9544444444444444
1076,1800,saliency-U,0.8726937269372693,0.6383333333333333
1077,2000,saliency-O,0.0,0.0
1078,2000,saliency-R,0.8671586715867159,0.414
1079,2000,saliency-U,0.8726937269372693,0.3485
1080,200,random-O,0.0,0.435
1081,200,random-R,0.8579335793357934,0.66
1082,200,random-U,0.8653136531365314,0.96
1083,400,random-O,0.0,0.1875
1084,400,random-R,0.8708487084870848,0.6975
1085,400,random-U,0.8653136531365314,0.83
1086,600,random-O,0.0,0.395
1087,600,random-R,0.8634686346863468,0.76
1088,600,random-U,0.8634686346863468,0.9483333333333334
1089,800,random-O,0.0,0.39625
1090,800,random-R,0.8690036900369004,0.6475
1091,800,random-U,0.8616236162361623,0.67875
1092,1000,random-O,0.0,0.351
1093,1000,random-R,0.8634686346863468,0.969
1094,1000,random-U,0.8579335793357934,0.982
1095,1200,random-O,0.0,0.18
1096,1200,random-R,0.8597785977859779,0.7141666666666666
1097,1200,random-U,0.8560885608856088,0.6883333333333334
1098,1400,random-O,0.0,0.4257142857142857
1099,1400,random-R,0.8726937269372693,0.7435714285714285
1100,1400,random-U,0.8597785977859779,0.855
1101,1600,random-O,0.0,0.21
1102,1600,random-R,0.8505535055350554,0.72
1103,1600,random-U,0.8560885608856088,0.708125
1104,1800,random-O,0.0,0.4011111111111111
1105,1800,random-R,0.8616236162361623,0.8155555555555556
1106,1800,random-U,0.8560885608856088,0.7738888888888888
1107,2000,random-O,0.0,0.428
1108,2000,random-R,0.8542435424354243,0.735
1109,2000,random-U,0.8523985239852399,0.7275
1110,200,max-degree-O,0.0,0.89
1111,200,max-degree-R,0.8616236162361623,0.945
1112,200,max-degree-U,0.8616236162361623,0.88
1113,400,max-degree-O,0.0,0.71
1114,400,max-degree-R,0.8634686346863468,0.995
1115,400,max-degree-U,0.8523985239852399,0.965
1116,600,max-degree-O,0.0,0.7266666666666667
1117,600,max-degree-R,0.8597785977859779,0.875
1118,600,max-degree-U,0.8505535055350554,0.8916666666666667
1119,800,max-degree-O,0.0,0.50625
1120,800,max-degree-R,0.8634686346863468,0.96125
1121,800,max-degree-U,0.8560885608856088,0.9475
1122,1000,max-degree-O,0.0,0.367
1123,1000,max-degree-R,0.8579335793357934,0.93
1124,1000,max-degree-U,0.8560885608856088,0.913
1125,1200,max-degree-O,0.0,0.465
1126,1200,max-degree-R,0.8597785977859779,0.915
1127,1200,max-degree-U,0.8542435424354243,0.9241666666666667
1128,1400,max-degree-O,0.0,0.46714285714285714
1129,1400,max-degree-R,0.8560885608856088,0.935
1130,1400,max-degree-U,0.8468634686346863,0.9285714285714286
1131,1600,max-degree-O,0.0,0.48125
1132,1600,max-degree-R,0.8560885608856088,0.94875
1133,1600,max-degree-U,0.8468634686346863,0.95125
1134,1800,max-degree-O,0.0,0.5294444444444445
1135,1800,max-degree-R,0.8597785977859779,0.9872222222222222
1136,1800,max-degree-U,0.8487084870848709,0.9705555555555555
1137,2000,max-degree-O,0.0,0.436
1138,2000,max-degree-R,0.8597785977859779,0.9585
1139,2000,max-degree-U,0.8468634686346863,0.9555
1140,200,min-degree-O,0.0,0.0
1141,200,min-degree-R,0.8671586715867159,0.995
1142,200,min-degree-U,0.8634686346863468,0.995
1143,400,min-degree-O,0.0,0.095
1144,400,min-degree-R,0.8597785977859779,0.9775
1145,400,min-degree-U,0.8671586715867159,0.985
1146,600,min-degree-O,0.0,0.095
1147,600,min-degree-R,0.8523985239852399,0.9783333333333334
1148,600,min-degree-U,0.8653136531365314,0.98
1149,800,min-degree-O,0.0,0.11625
1150,800,min-degree-R,0.8542435424354243,0.97875
1151,800,min-degree-U,0.8690036900369004,0.9875
1152,1000,min-degree-O,0.0,0.118
1153,1000,min-degree-R,0.8671586715867159,0.969
1154,1000,min-degree-U,0.8690036900369004,0.959
1155,1200,min-degree-O,0.0,0.08916666666666667
1156,1200,min-degree-R,0.8616236162361623,0.9916666666666667
1157,1200,min-degree-U,0.8690036900369004,0.9558333333333333
1158,1400,min-degree-O,0.0,0.11785714285714285
1159,1400,min-degree-R,0.8726937269372693,0.9585714285714285
1160,1400,min-degree-U,0.8708487084870848,0.9478571428571428
1161,1600,min-degree-O,0.0,0.1475
1162,1600,min-degree-R,0.8523985239852399,0.95375
1163,1600,min-degree-U,0.8690036900369004,0.95625
1164,1800,min-degree-O,0.0,0.22277777777777777
1165,1800,min-degree-R,0.8542435424354243,0.9538888888888889
1166,1800,min-degree-U,0.8671586715867159,0.9477777777777778
1167,2000,min-degree-O,0.0,0.1665
1168,2000,min-degree-R,0.8505535055350554,0.955
1169,2000,min-degree-U,0.8708487084870848,0.961
1170,200,saliency-O,0.0,0.09
1171,200,saliency-R,0.8671586715867159,0.74
1172,200,saliency-U,0.8653136531365314,0.905
1173,400,saliency-O,0.0,0.0025
1174,400,saliency-R,0.8708487084870848,1.0
1175,400,saliency-U,0.8653136531365314,0.9975
1176,600,saliency-O,0.0,0.655
1177,600,saliency-R,0.8726937269372693,1.0
1178,600,saliency-U,0.8653136531365314,0.315
1179,800,saliency-O,0.0,0.0
1180,800,saliency-R,0.8579335793357934,1.0
1181,800,saliency-U,0.8653136531365314,0.855
1182,1000,saliency-O,0.0,0.932
1183,1000,saliency-R,0.8690036900369004,1.0
1184,1000,saliency-U,0.8653136531365314,0.951
1185,1200,saliency-O,0.0,0.44
1186,1200,saliency-R,0.8653136531365314,1.0
1187,1200,saliency-U,0.8653136531365314,0.54
1188,1400,saliency-O,0.0,0.39571428571428574
1189,1400,saliency-R,0.8763837638376384,1.0
1190,1400,saliency-U,0.8653136531365314,0.6314285714285715
1191,1600,saliency-O,0.0,0.760625
1192,1600,saliency-R,0.8726937269372693,0.9775
1193,1600,saliency-U,0.8653136531365314,0.79625
1194,1800,saliency-O,0.0,0.03111111111111111
1195,1800,saliency-R,0.8690036900369004,1.0
1196,1800,saliency-U,0.8653136531365314,0.6444444444444445
1197,2000,saliency-O,0.0,0.0
1198,2000,saliency-R,0.8745387453874539,0.987
1199,2000,saliency-U,0.8653136531365314,0.993
